Region,Province,Year,Value,Unit,Source
กรุงเทพมหานคร และ 3 จังหวัด,กรุงเทพมหานคร,2547,29842.68,บาท,สำนักงานสถิติแห่งชาติ
กรุงเทพมหานคร และ 3 จังหวัด,กรุงเทพมหานคร,2549,36658.00,บาท,สำนักงานสถิติแห่งชาติ
กรุงเทพมหานคร และ 3 จังหวัด,กรุงเทพมหานคร,2550,39020.00,บาท,สำนักงานสถิติแห่งชาติ
กรุงเทพมหานคร และ 3 จังหวัด,กรุงเทพมหานคร,2552,42379.83,บาท,สำนักงานสถิติแห่งชาติ
กรุงเทพมหานคร และ 3 จังหวัด,กรุงเทพมหานคร,2554,48951.00,บาท,สำนักงานสถิติแห่งชาติ
กรุงเทพมหานคร และ 3 จังหวัด,กรุงเทพมหานคร,2556,49190.80,บาท,สำนักงานสถิติแห่งชาติ
กรุงเทพมหานคร และ 3 จังหวัด,กรุงเทพมหานคร,2558,45571.70,บาท,สำนักงานสถิติแห่งชาติ
กรุงเทพมหานคร และ 3 จังหวัด,กรุงเทพมหานคร,2560,45707.31,บาท,สำนักงานสถิติแห่งชาติ
กรุงเทพมหานคร และ 3 จังหวัด,กรุงเทพมหานคร,2562,39459.36,บาท,สำนักงานสถิติแห่งชาติ
กรุงเทพมหานคร และ 3 จังหวัด,กรุงเทพมหานคร,2564,40200.77,บาท,สำนักงานสถิติแห่งชาติ
กรุงเทพมหานคร และ 3 จังหวัด,สมุทรปราการ,2547,19946.54,บาท,สำนักงานสถิติแห่งชาติ
กรุงเทพมหานคร และ 3 จังหวัด,สมุทรปราการ,2549,20382.00,บาท,สำนักงานสถิติแห่งชาติ
กรุงเทพมหานคร และ 3 จังหวัด,สมุทรปราการ,2550,21302.00,บาท,สำนักงานสถิติแห่งชาติ
กรุงเทพมหานคร และ 3 จังหวัด,สมุทรปราการ,2552,23359.38,บาท,สำนักงานสถิติแห่งชาติ
กรุงเทพมหานคร และ 3 จังหวัด,สมุทรปราการ,2554,23797.90,บาท,สำนักงานสถิติแห่งชาติ
กรุงเทพมหานคร และ 3 จังหวัด,สมุทรปราการ,2556,29575.30,บาท,สำนักงานสถิติแห่งชาติ
กรุงเทพมหานคร และ 3 จังหวัด,สมุทรปราการ,2558,25457.20,บาท,สำนักงานสถิติแห่งชาติ
กรุงเทพมหานคร และ 3 จังหวัด,สมุทรปราการ,2560,28711.77,บาท,สำนักงานสถิติแห่งชาติ
กรุงเทพมหานคร และ 3 จังหวัด,สมุทรปราการ,2562,24729.42,บาท,สำนักงานสถิติแห่งชาติ
กรุงเทพมหานคร และ 3 จังหวัด,สมุทรปราการ,2564,32913.65,บาท,สำนักงานสถิติแห่งชาติ
กรุงเทพมหานคร และ 3 จังหวัด,นนทบุรี,2547,26657.97,บาท,สำนักงานสถิติแห่งชาติ
กรุงเทพมหานคร และ 3 จังหวัด,นนทบุรี,2549,31152.00,บาท,สำนักงานสถิติแห่งชาติ
กรุงเทพมหานคร และ 3 จังหวัด,นนทบุรี,2550,32743.00,บาท,สำนักงานสถิติแห่งชาติ
กรุงเทพมหานคร และ 3 จังหวัด,นนทบุรี,2552,34626.28,บาท,สำนักงานสถิติแห่งชาติ
กรุงเทพมหานคร และ 3 จังหวัด,นนทบุรี,2554,35119.70,บาท,สำนักงานสถิติแห่งชาติ
กรุงเทพมหานคร และ 3 จังหวัด,นนทบุรี,2556,30663.60,บาท,สำนักงานสถิติแห่งชาติ
กรุงเทพมหานคร และ 3 จังหวัด,นนทบุรี,2558,36884.00,บาท,สำนักงานสถิติแห่งชาติ
กรุงเทพมหานคร และ 3 จังหวัด,นนทบุรี,2560,40860.88,บาท,สำนักงานสถิติแห่งชาติ
กรุงเทพมหานคร และ 3 จังหวัด,นนทบุรี,2562,37502.22,บาท,สำนักงานสถิติแห่งชาติ
กรุงเทพมหานคร และ 3 จังหวัด,นนทบุรี,2564,41129.42,บาท,สำนักงานสถิติแห่งชาติ
กรุงเทพมหานคร และ 3 จังหวัด,ปทุมธานี,2547,21529.67,บาท,สำนักงานสถิติแห่งชาติ
กรุงเทพมหานคร และ 3 จังหวัด,ปทุมธานี,2549,25143.00,บาท,สำนักงานสถิติแห่งชาติ
กรุงเทพมหานคร และ 3 จังหวัด,ปทุมธานี,2550,26107.00,บาท,สำนักงานสถิติแห่งชาติ
กรุงเทพมหานคร และ 3 จังหวัด,ปทุมธานี,2552,26686.22,บาท,สำนักงานสถิติแห่งชาติ
กรุงเทพมหานคร และ 3 จังหวัด,ปทุมธานี,2554,21615.50,บาท,สำนักงานสถิติแห่งชาติ
กรุงเทพมหานคร และ 3 จังหวัด,ปทุมธานี,2556,33461.30,บาท,สำนักงานสถิติแห่งชาติ
กรุงเทพมหานคร และ 3 จังหวัด,ปทุมธานี,2558,41056.90,บาท,สำนักงานสถิติแห่งชาติ
กรุงเทพมหานคร และ 3 จังหวัด,ปทุมธานี,2560,41483.71,บาท,สำนักงานสถิติแห่งชาติ
กรุงเทพมหานคร และ 3 จังหวัด,ปทุมธานี,2562,46977.74,บาท,สำนักงานสถิติแห่งชาติ
กรุงเทพมหานคร และ 3 จังหวัด,ปทุมธานี,2564,39506.99,บาท,สำนักงานสถิติแห่งชาติ
ภาคกลาง,พระนครศรีอยุธยา,2547,14979.78,บาท,สำนักงานสถิติแห่งชาติ
ภาคกลาง,พระนครศรีอยุธยา,2549,19676.00,บาท,สำนักงานสถิติแห่งชาติ
ภาคกลาง,พระนครศรีอยุธยา,2550,21676.00,บาท,สำนักงานสถิติแห่งชาติ
ภาคกลาง,พระนครศรีอยุธยา,2552,25819.98,บาท,สำนักงานสถิติแห่งชาติ
ภาคกลาง,พระนครศรีอยุธยา,2554,22301.70,บาท,สำนักงานสถิติแห่งชาติ
ภาคกลาง,พระนครศรีอยุธยา,2556,26481.50,บาท,สำนักงานสถิติแห่งชาติ
ภาคกลาง,พระนครศรีอยุธยา,2558,28379.40,บาท,สำนักงานสถิติแห่งชาติ
ภาคกลาง,พระนครศรีอยุธยา,2560,28777.58,บาท,สำนักงานสถิติแห่งชาติ
ภาคกลาง,พระนครศรีอยุธยา,2562,30589.95,บาท,สำนักงานสถิติแห่งชาติ
ภาคกลาง,พระนครศรีอยุธยา,2564,31416.10,บาท,สำนักงานสถิติแห่งชาติ
ภาคกลาง,อ่างทอง,2547,12854.76,บาท,สำนักงานสถิติแห่งชาติ
ภาคกลาง,อ่างทอง,2549,18300.00,บาท,สำนักงานสถิติแห่งชาติ
ภาคกลาง,อ่างทอง,2550,17704.00,บาท,สำนักงานสถิติแห่งชาติ
ภาคกลาง,อ่างทอง,2552,25506.42,บาท,สำนักงานสถิติแห่งชาติ
ภาคกลาง,อ่างทอง,2554,21139.90,บาท,สำนักงานสถิติแห่งชาติ
ภาคกลาง,อ่างทอง,2556,28641.30,บาท,สำนักงานสถิติแห่งชาติ
ภาคกลาง,อ่างทอง,2558,23350.60,บาท,สำนักงานสถิติแห่งชาติ
ภาคกลาง,อ่างทอง,2560,26484.17,บาท,สำนักงานสถิติแห่งชาติ
ภาคกลาง,อ่างทอง,2562,25821.05,บาท,สำนักงานสถิติแห่งชาติ
ภาคกลาง,อ่างทอง,2564,24509.73,บาท,สำนักงานสถิติแห่งชาติ
ภาคกลาง,ลพบุรี,2547,15003.26,บาท,สำนักงานสถิติแห่งชาติ
ภาคกลาง,ลพบุรี,2549,19935.00,บาท,สำนักงานสถิติแห่งชาติ
ภาคกลาง,ลพบุรี,2550,16852.00,บาท,สำนักงานสถิติแห่งชาติ
ภาคกลาง,ลพบุรี,2552,22404.50,บาท,สำนักงานสถิติแห่งชาติ
ภาคกลาง,ลพบุรี,2554,17177.70,บาท,สำนักงานสถิติแห่งชาติ
ภาคกลาง,ลพบุรี,2556,23425.50,บาท,สำนักงานสถิติแห่งชาติ
ภาคกลาง,ลพบุรี,2558,22955.10,บาท,สำนักงานสถิติแห่งชาติ
ภาคกลาง,ลพบุรี,2560,19795.67,บาท,สำนักงานสถิติแห่งชาติ
ภาคกลาง,ลพบุรี,2562,20784.92,บาท,สำนักงานสถิติแห่งชาติ
ภาคกลาง,ลพบุรี,2564,26676.28,บาท,สำนักงานสถิติแห่งชาติ
ภาคกลาง,สิงห์บุรี,2547,14787.81,บาท,สำนักงานสถิติแห่งชาติ
ภาคกลาง,สิงห์บุรี,2549,18510.00,บาท,สำนักงานสถิติแห่งชาติ
ภาคกลาง,สิงห์บุรี,2550,20558.00,บาท,สำนักงานสถิติแห่งชาติ
ภาคกลาง,สิงห์บุรี,2552,25419.17,บาท,สำนักงานสถิติแห่งชาติ
ภาคกลาง,สิงห์บุรี,2554,26067.70,บาท,สำนักงานสถิติแห่งชาติ
ภาคกลาง,สิงห์บุรี,2556,28115.40,บาท,สำนักงานสถิติแห่งชาติ
ภาคกลาง,สิงห์บุรี,2558,26112.20,บาท,สำนักงานสถิติแห่งชาติ
ภาคกลาง,สิงห์บุรี,2560,26865.56,บาท,สำนักงานสถิติแห่งชาติ
ภาคกลาง,สิงห์บุรี,2562,24681.50,บาท,สำนักงานสถิติแห่งชาติ
ภาคกลาง,สิงห์บุรี,2564,26597.88,บาท,สำนักงานสถิติแห่งชาติ
ภาคกลาง,ชัยนาท,2547,13383.26,บาท,สำนักงานสถิติแห่งชาติ
ภาคกลาง,ชัยนาท,2549,13058.00,บาท,สำนักงานสถิติแห่งชาติ
ภาคกลาง,ชัยนาท,2550,13995.00,บาท,สำนักงานสถิติแห่งชาติ
ภาคกลาง,ชัยนาท,2552,18719.17,บาท,สำนักงานสถิติแห่งชาติ
ภาคกลาง,ชัยนาท,2554,20180.60,บาท,สำนักงานสถิติแห่งชาติ
ภาคกลาง,ชัยนาท,2556,32753.50,บาท,สำนักงานสถิติแห่งชาติ
ภาคกลาง,ชัยนาท,2558,22058.90,บาท,สำนักงานสถิติแห่งชาติ
ภาคกลาง,ชัยนาท,2560,26385.66,บาท,สำนักงานสถิติแห่งชาติ
ภาคกลาง,ชัยนาท,2562,23203.61,บาท,สำนักงานสถิติแห่งชาติ
ภาคกลาง,ชัยนาท,2564,23326.07,บาท,สำนักงานสถิติแห่งชาติ
ภาคกลาง,สระบุรี,2547,18742.17,บาท,สำนักงานสถิติแห่งชาติ
ภาคกลาง,สระบุรี,2549,20468.00,บาท,สำนักงานสถิติแห่งชาติ
ภาคกลาง,สระบุรี,2550,22363.00,บาท,สำนักงานสถิติแห่งชาติ
ภาคกลาง,สระบุรี,2552,21947.41,บาท,สำนักงานสถิติแห่งชาติ
ภาคกลาง,สระบุรี,2554,27114.10,บาท,สำนักงานสถิติแห่งชาติ
ภาคกลาง,สระบุรี,2556,32833.60,บาท,สำนักงานสถิติแห่งชาติ
ภาคกลาง,สระบุรี,2558,29413.40,บาท,สำนักงานสถิติแห่งชาติ
ภาคกลาง,สระบุรี,2560,35378.49,บาท,สำนักงานสถิติแห่งชาติ
ภาคกลาง,สระบุรี,2562,30532.34,บาท,สำนักงานสถิติแห่งชาติ
ภาคกลาง,สระบุรี,2564,33660.05,บาท,สำนักงานสถิติแห่งชาติ
ภาคกลาง,ชลบุรี,2547,22286.23,บาท,สำนักงานสถิติแห่งชาติ
ภาคกลาง,ชลบุรี,2549,21869.00,บาท,สำนักงานสถิติแห่งชาติ
ภาคกลาง,ชลบุรี,2550,22260.00,บาท,สำนักงานสถิติแห่งชาติ
ภาคกลาง,ชลบุรี,2552,24052.20,บาท,สำนักงานสถิติแห่งชาติ
ภาคกลาง,ชลบุรี,2554,23007.20,บาท,สำนักงานสถิติแห่งชาติ
ภาคกลาง,ชลบุรี,2556,28366.50,บาท,สำนักงานสถิติแห่งชาติ
ภาคกลาง,ชลบุรี,2558,27256.70,บาท,สำนักงานสถิติแห่งชาติ
ภาคกลาง,ชลบุรี,2560,27665.39,บาท,สำนักงานสถิติแห่งชาติ
ภาคกลาง,ชลบุรี,2562,28705.91,บาท,สำนักงานสถิติแห่งชาติ
ภาคกลาง,ชลบุรี,2564,32355.77,บาท,สำนักงานสถิติแห่งชาติ
ภาคกลาง,ระยอง,2547,18961.99,บาท,สำนักงานสถิติแห่งชาติ
ภาคกลาง,ระยอง,2549,20018.00,บาท,สำนักงานสถิติแห่งชาติ
ภาคกลาง,ระยอง,2550,25090.00,บาท,สำนักงานสถิติแห่งชาติ
ภาคกลาง,ระยอง,2552,22982.83,บาท,สำนักงานสถิติแห่งชาติ
ภาคกลาง,ระยอง,2554,21929.00,บาท,สำนักงานสถิติแห่งชาติ
ภาคกลาง,ระยอง,2556,30400.80,บาท,สำนักงานสถิติแห่งชาติ
ภาคกลาง,ระยอง,2558,30314.80,บาท,สำนักงานสถิติแห่งชาติ
ภาคกลาง,ระยอง,2560,27797.79,บาท,สำนักงานสถิติแห่งชาติ
ภาคกลาง,ระยอง,2562,24299.10,บาท,สำนักงานสถิติแห่งชาติ
ภาคกลาง,ระยอง,2564,28142.07,บาท,สำนักงานสถิติแห่งชาติ
ภาคกลาง,จันทบุรี,2547,15896.75,บาท,สำนักงานสถิติแห่งชาติ
ภาคกลาง,จันทบุรี,2549,20606.00,บาท,สำนักงานสถิติแห่งชาติ
ภาคกลาง,จันทบุรี,2550,18866.00,บาท,สำนักงานสถิติแห่งชาติ
ภาคกลาง,จันทบุรี,2552,19441.86,บาท,สำนักงานสถิติแห่งชาติ
ภาคกลาง,จันทบุรี,2554,24277.60,บาท,สำนักงานสถิติแห่งชาติ
ภาคกลาง,จันทบุรี,2556,27283.50,บาท,สำนักงานสถิติแห่งชาติ
ภาคกลาง,จันทบุรี,2558,36023.50,บาท,สำนักงานสถิติแห่งชาติ
ภาคกลาง,จันทบุรี,2560,32893.60,บาท,สำนักงานสถิติแห่งชาติ
ภาคกลาง,จันทบุรี,2562,28113.74,บาท,สำนักงานสถิติแห่งชาติ
ภาคกลาง,จันทบุรี,2564,30877.60,บาท,สำนักงานสถิติแห่งชาติ
ภาคกลาง,ตราด,2547,14080.46,บาท,สำนักงานสถิติแห่งชาติ
ภาคกลาง,ตราด,2549,19230.00,บาท,สำนักงานสถิติแห่งชาติ
ภาคกลาง,ตราด,2550,16664.00,บาท,สำนักงานสถิติแห่งชาติ
ภาคกลาง,ตราด,2552,16948.60,บาท,สำนักงานสถิติแห่งชาติ
ภาคกลาง,ตราด,2554,28118.20,บาท,สำนักงานสถิติแห่งชาติ
ภาคกลาง,ตราด,2556,21652.80,บาท,สำนักงานสถิติแห่งชาติ
ภาคกลาง,ตราด,2558,25332.90,บาท,สำนักงานสถิติแห่งชาติ
ภาคกลาง,ตราด,2560,27796.68,บาท,สำนักงานสถิติแห่งชาติ
ภาคกลาง,ตราด,2562,24173.78,บาท,สำนักงานสถิติแห่งชาติ
ภาคกลาง,ตราด,2564,29917.26,บาท,สำนักงานสถิติแห่งชาติ
ภาคกลาง,ฉะเชิงเทรา,2547,16937.66,บาท,สำนักงานสถิติแห่งชาติ
ภาคกลาง,ฉะเชิงเทรา,2549,16770.00,บาท,สำนักงานสถิติแห่งชาติ
ภาคกลาง,ฉะเชิงเทรา,2550,20665.00,บาท,สำนักงานสถิติแห่งชาติ
ภาคกลาง,ฉะเชิงเทรา,2552,21251.57,บาท,สำนักงานสถิติแห่งชาติ
ภาคกลาง,ฉะเชิงเทรา,2554,23030.70,บาท,สำนักงานสถิติแห่งชาติ
ภาคกลาง,ฉะเชิงเทรา,2556,34548.30,บาท,สำนักงานสถิติแห่งชาติ
ภาคกลาง,ฉะเชิงเทรา,2558,27554.90,บาท,สำนักงานสถิติแห่งชาติ
ภาคกลาง,ฉะเชิงเทรา,2560,26061.85,บาท,สำนักงานสถิติแห่งชาติ
ภาคกลาง,ฉะเชิงเทรา,2562,22875.29,บาท,สำนักงานสถิติแห่งชาติ
ภาคกลาง,ฉะเชิงเทรา,2564,23196.36,บาท,สำนักงานสถิติแห่งชาติ
ภาคกลาง,ปราจีนบุรี,2547,15031.78,บาท,สำนักงานสถิติแห่งชาติ
ภาคกลาง,ปราจีนบุรี,2549,16031.00,บาท,สำนักงานสถิติแห่งชาติ
ภาคกลาง,ปราจีนบุรี,2550,18263.00,บาท,สำนักงานสถิติแห่งชาติ
ภาคกลาง,ปราจีนบุรี,2552,22548.12,บาท,สำนักงานสถิติแห่งชาติ
ภาคกลาง,ปราจีนบุรี,2554,25338.10,บาท,สำนักงานสถิติแห่งชาติ
ภาคกลาง,ปราจีนบุรี,2556,21038.90,บาท,สำนักงานสถิติแห่งชาติ
ภาคกลาง,ปราจีนบุรี,2558,24165.60,บาท,สำนักงานสถิติแห่งชาติ
ภาคกลาง,ปราจีนบุรี,2560,22952.89,บาท,สำนักงานสถิติแห่งชาติ
ภาคกลาง,ปราจีนบุรี,2562,25843.22,บาท,สำนักงานสถิติแห่งชาติ
ภาคกลาง,ปราจีนบุรี,2564,27232.59,บาท,สำนักงานสถิติแห่งชาติ
ภาคกลาง,นครนายก,2547,13096.37,บาท,สำนักงานสถิติแห่งชาติ
ภาคกลาง,นครนายก,2549,14104.00,บาท,สำนักงานสถิติแห่งชาติ
ภาคกลาง,นครนายก,2550,15983.00,บาท,สำนักงานสถิติแห่งชาติ
ภาคกลาง,นครนายก,2552,17503.14,บาท,สำนักงานสถิติแห่งชาติ
ภาคกลาง,นครนายก,2554,17042.40,บาท,สำนักงานสถิติแห่งชาติ
ภาคกลาง,นครนายก,2556,23390.60,บาท,สำนักงานสถิติแห่งชาติ
ภาคกลาง,นครนายก,2558,23555.00,บาท,สำนักงานสถิติแห่งชาติ
ภาคกลาง,นครนายก,2560,25119.93,บาท,สำนักงานสถิติแห่งชาติ
ภาคกลาง,นครนายก,2562,25784.78,บาท,สำนักงานสถิติแห่งชาติ
ภาคกลาง,นครนายก,2564,29546.89,บาท,สำนักงานสถิติแห่งชาติ
ภาคกลาง,สระแก้ว,2547,10777.21,บาท,สำนักงานสถิติแห่งชาติ
ภาคกลาง,สระแก้ว,2549,11577.00,บาท,สำนักงานสถิติแห่งชาติ
ภาคกลาง,สระแก้ว,2550,13593.00,บาท,สำนักงานสถิติแห่งชาติ
ภาคกลาง,สระแก้ว,2552,15525.44,บาท,สำนักงานสถิติแห่งชาติ
ภาคกลาง,สระแก้ว,2554,17781.10,บาท,สำนักงานสถิติแห่งชาติ
ภาคกลาง,สระแก้ว,2556,24805.20,บาท,สำนักงานสถิติแห่งชาติ
ภาคกลาง,สระแก้ว,2558,26953.40,บาท,สำนักงานสถิติแห่งชาติ
ภาคกลาง,สระแก้ว,2560,22115.02,บาท,สำนักงานสถิติแห่งชาติ
ภาคกลาง,สระแก้ว,2562,20685.40,บาท,สำนักงานสถิติแห่งชาติ
ภาคกลาง,สระแก้ว,2564,20709.22,บาท,สำนักงานสถิติแห่งชาติ
ภาคกลาง,ราชบุรี,2547,19866.71,บาท,สำนักงานสถิติแห่งชาติ
ภาคกลาง,ราชบุรี,2549,23202.00,บาท,สำนักงานสถิติแห่งชาติ
ภาคกลาง,ราชบุรี,2550,17576.00,บาท,สำนักงานสถิติแห่งชาติ
ภาคกลาง,ราชบุรี,2552,20994.09,บาท,สำนักงานสถิติแห่งชาติ
ภาคกลาง,ราชบุรี,2554,18713.10,บาท,สำนักงานสถิติแห่งชาติ
ภาคกลาง,ราชบุรี,2556,25741.60,บาท,สำนักงานสถิติแห่งชาติ
ภาคกลาง,ราชบุรี,2558,19590.00,บาท,สำนักงานสถิติแห่งชาติ
ภาคกลาง,ราชบุรี,2560,33622.28,บาท,สำนักงานสถิติแห่งชาติ
ภาคกลาง,ราชบุรี,2562,25162.91,บาท,สำนักงานสถิติแห่งชาติ
ภาคกลาง,ราชบุรี,2564,25995.16,บาท,สำนักงานสถิติแห่งชาติ
ภาคกลาง,กาญจนบุรี,2547,12121.83,บาท,สำนักงานสถิติแห่งชาติ
ภาคกลาง,กาญจนบุรี,2549,15606.00,บาท,สำนักงานสถิติแห่งชาติ
ภาคกลาง,กาญจนบุรี,2550,15326.00,บาท,สำนักงานสถิติแห่งชาติ
ภาคกลาง,กาญจนบุรี,2552,17571.30,บาท,สำนักงานสถิติแห่งชาติ
ภาคกลาง,กาญจนบุรี,2554,15209.90,บาท,สำนักงานสถิติแห่งชาติ
ภาคกลาง,กาญจนบุรี,2556,18746.00,บาท,สำนักงานสถิติแห่งชาติ
ภาคกลาง,กาญจนบุรี,2558,18883.80,บาท,สำนักงานสถิติแห่งชาติ
ภาคกลาง,กาญจนบุรี,2560,20564.74,บาท,สำนักงานสถิติแห่งชาติ
ภาคกลาง,กาญจนบุรี,2562,20842.20,บาท,สำนักงานสถิติแห่งชาติ
ภาคกลาง,กาญจนบุรี,2564,25939.81,บาท,สำนักงานสถิติแห่งชาติ
ภาคกลาง,สุพรรณบุรี,2547,15780.67,บาท,สำนักงานสถิติแห่งชาติ
ภาคกลาง,สุพรรณบุรี,2549,14783.00,บาท,สำนักงานสถิติแห่งชาติ
ภาคกลาง,สุพรรณบุรี,2550,15112.00,บาท,สำนักงานสถิติแห่งชาติ
ภาคกลาง,สุพรรณบุรี,2552,15797.20,บาท,สำนักงานสถิติแห่งชาติ
ภาคกลาง,สุพรรณบุรี,2554,15927.80,บาท,สำนักงานสถิติแห่งชาติ
ภาคกลาง,สุพรรณบุรี,2556,17260.30,บาท,สำนักงานสถิติแห่งชาติ
ภาคกลาง,สุพรรณบุรี,2558,15786.20,บาท,สำนักงานสถิติแห่งชาติ
ภาคกลาง,สุพรรณบุรี,2560,20440.57,บาท,สำนักงานสถิติแห่งชาติ
ภาคกลาง,สุพรรณบุรี,2562,16504.07,บาท,สำนักงานสถิติแห่งชาติ
ภาคกลาง,สุพรรณบุรี,2564,17573.70,บาท,สำนักงานสถิติแห่งชาติ
ภาคกลาง,นครปฐม,2547,20701.35,บาท,สำนักงานสถิติแห่งชาติ
ภาคกลาง,นครปฐม,2549,28980.00,บาท,สำนักงานสถิติแห่งชาติ
ภาคกลาง,นครปฐม,2550,25447.00,บาท,สำนักงานสถิติแห่งชาติ
ภาคกลาง,นครปฐม,2552,24988.67,บาท,สำนักงานสถิติแห่งชาติ
ภาคกลาง,นครปฐม,2554,22954.80,บาท,สำนักงานสถิติแห่งชาติ
ภาคกลาง,นครปฐม,2556,30855.50,บาท,สำนักงานสถิติแห่งชาติ
ภาคกลาง,นครปฐม,2558,40347.00,บาท,สำนักงานสถิติแห่งชาติ
ภาคกลาง,นครปฐม,2560,32760.69,บาท,สำนักงานสถิติแห่งชาติ
ภาคกลาง,นครปฐม,2562,34436.05,บาท,สำนักงานสถิติแห่งชาติ
ภาคกลาง,นครปฐม,2564,38788.18,บาท,สำนักงานสถิติแห่งชาติ
ภาคกลาง,สมุทรสาคร,2547,15346.96,บาท,สำนักงานสถิติแห่งชาติ
ภาคกลาง,สมุทรสาคร,2549,19555.00,บาท,สำนักงานสถิติแห่งชาติ
ภาคกลาง,สมุทรสาคร,2550,18735.00,บาท,สำนักงานสถิติแห่งชาติ
ภาคกลาง,สมุทรสาคร,2552,20978.09,บาท,สำนักงานสถิติแห่งชาติ
ภาคกลาง,สมุทรสาคร,2554,20850.20,บาท,สำนักงานสถิติแห่งชาติ
ภาคกลาง,สมุทรสาคร,2556,23658.30,บาท,สำนักงานสถิติแห่งชาติ
ภาคกลาง,สมุทรสาคร,2558,29347.40,บาท,สำนักงานสถิติแห่งชาติ
ภาคกลาง,สมุทรสาคร,2560,25446.01,บาท,สำนักงานสถิติแห่งชาติ
ภาคกลาง,สมุทรสาคร,2562,23442.78,บาท,สำนักงานสถิติแห่งชาติ
ภาคกลาง,สมุทรสาคร,2564,27590.85,บาท,สำนักงานสถิติแห่งชาติ
ภาคกลาง,สมุทรสงคราม,2547,12528.40,บาท,สำนักงานสถิติแห่งชาติ
ภาคกลาง,สมุทรสงคราม,2549,16877.00,บาท,สำนักงานสถิติแห่งชาติ
ภาคกลาง,สมุทรสงคราม,2550,12634.00,บาท,สำนักงานสถิติแห่งชาติ
ภาคกลาง,สมุทรสงคราม,2552,18363.24,บาท,สำนักงานสถิติแห่งชาติ
ภาคกลาง,สมุทรสงคราม,2554,15068.00,บาท,สำนักงานสถิติแห่งชาติ
ภาคกลาง,สมุทรสงคราม,2556,16256.50,บาท,สำนักงานสถิติแห่งชาติ
ภาคกลาง,สมุทรสงคราม,2558,18310.20,บาท,สำนักงานสถิติแห่งชาติ
ภาคกลาง,สมุทรสงคราม,2560,30182.85,บาท,สำนักงานสถิติแห่งชาติ
ภาคกลาง,สมุทรสงคราม,2562,38395.32,บาท,สำนักงานสถิติแห่งชาติ
ภาคกลาง,สมุทรสงคราม,2564,24964.12,บาท,สำนักงานสถิติแห่งชาติ
ภาคกลาง,เพชรบุรี,2547,13039.57,บาท,สำนักงานสถิติแห่งชาติ
ภาคกลาง,เพชรบุรี,2549,15042.00,บาท,สำนักงานสถิติแห่งชาติ
ภาคกลาง,เพชรบุรี,2550,17855.00,บาท,สำนักงานสถิติแห่งชาติ
ภาคกลาง,เพชรบุรี,2552,17439.88,บาท,สำนักงานสถิติแห่งชาติ
ภาคกลาง,เพชรบุรี,2554,20025.80,บาท,สำนักงานสถิติแห่งชาติ
ภาคกลาง,เพชรบุรี,2556,21784.30,บาท,สำนักงานสถิติแห่งชาติ
ภาคกลาง,เพชรบุรี,2558,26430.70,บาท,สำนักงานสถิติแห่งชาติ
ภาคกลาง,เพชรบุรี,2560,27232.09,บาท,สำนักงานสถิติแห่งชาติ
ภาคกลาง,เพชรบุรี,2562,26814.37,บาท,สำนักงานสถิติแห่งชาติ
ภาคกลาง,เพชรบุรี,2564,26921.92,บาท,สำนักงานสถิติแห่งชาติ
ภาคกลาง,ประจวบคีรีขันธ์,2547,13805.86,บาท,สำนักงานสถิติแห่งชาติ
ภาคกลาง,ประจวบคีรีขันธ์,2549,16238.00,บาท,สำนักงานสถิติแห่งชาติ
ภาคกลาง,ประจวบคีรีขันธ์,2550,17932.00,บาท,สำนักงานสถิติแห่งชาติ
ภาคกลาง,ประจวบคีรีขันธ์,2552,16933.60,บาท,สำนักงานสถิติแห่งชาติ
ภาคกลาง,ประจวบคีรีขันธ์,2554,17477.00,บาท,สำนักงานสถิติแห่งชาติ
ภาคกลาง,ประจวบคีรีขันธ์,2556,28459.20,บาท,สำนักงานสถิติแห่งชาติ
ภาคกลาง,ประจวบคีรีขันธ์,2558,23522.60,บาท,สำนักงานสถิติแห่งชาติ
ภาคกลาง,ประจวบคีรีขันธ์,2560,28466.60,บาท,สำนักงานสถิติแห่งชาติ
ภาคกลาง,ประจวบคีรีขันธ์,2562,25411.74,บาท,สำนักงานสถิติแห่งชาติ
ภาคกลาง,ประจวบคีรีขันธ์,2564,26462.95,บาท,สำนักงานสถิติแห่งชาติ
ภาคเหนือ,เชียงใหม่,2547,12586.00,บาท,สำนักงานสถิติแห่งชาติ
ภาคเหนือ,เชียงใหม่,2549,14904.00,บาท,สำนักงานสถิติแห่งชาติ
ภาคเหนือ,เชียงใหม่,2550,14386.00,บาท,สำนักงานสถิติแห่งชาติ
ภาคเหนือ,เชียงใหม่,2552,16141.44,บาท,สำนักงานสถิติแห่งชาติ
ภาคเหนือ,เชียงใหม่,2554,18323.20,บาท,สำนักงานสถิติแห่งชาติ
ภาคเหนือ,เชียงใหม่,2556,14392.70,บาท,สำนักงานสถิติแห่งชาติ
ภาคเหนือ,เชียงใหม่,2558,14950.40,บาท,สำนักงานสถิติแห่งชาติ
ภาคเหนือ,เชียงใหม่,2560,18970.11,บาท,สำนักงานสถิติแห่งชาติ
ภาคเหนือ,เชียงใหม่,2562,20443.21,บาท,สำนักงานสถิติแห่งชาติ
ภาคเหนือ,เชียงใหม่,2564,22963.48,บาท,สำนักงานสถิติแห่งชาติ
ภาคเหนือ,ลำพูน,2547,11842.59,บาท,สำนักงานสถิติแห่งชาติ
ภาคเหนือ,ลำพูน,2549,14361.00,บาท,สำนักงานสถิติแห่งชาติ
ภาคเหนือ,ลำพูน,2550,14104.00,บาท,สำนักงานสถิติแห่งชาติ
ภาคเหนือ,ลำพูน,2552,20048.00,บาท,สำนักงานสถิติแห่งชาติ
ภาคเหนือ,ลำพูน,2554,18778.40,บาท,สำนักงานสถิติแห่งชาติ
ภาคเหนือ,ลำพูน,2556,22504.50,บาท,สำนักงานสถิติแห่งชาติ
ภาคเหนือ,ลำพูน,2558,23834.30,บาท,สำนักงานสถิติแห่งชาติ
ภาคเหนือ,ลำพูน,2560,24467.87,บาท,สำนักงานสถิติแห่งชาติ
ภาคเหนือ,ลำพูน,2562,23600.12,บาท,สำนักงานสถิติแห่งชาติ
ภาคเหนือ,ลำพูน,2564,25377.46,บาท,สำนักงานสถิติแห่งชาติ
ภาคเหนือ,ลำปาง,2547,10575.88,บาท,สำนักงานสถิติแห่งชาติ
ภาคเหนือ,ลำปาง,2549,15551.00,บาท,สำนักงานสถิติแห่งชาติ
ภาคเหนือ,ลำปาง,2550,13531.00,บาท,สำนักงานสถิติแห่งชาติ
ภาคเหนือ,ลำปาง,2552,14020.35,บาท,สำนักงานสถิติแห่งชาติ
ภาคเหนือ,ลำปาง,2554,18453.60,บาท,สำนักงานสถิติแห่งชาติ
ภาคเหนือ,ลำปาง,2556,19262.10,บาท,สำนักงานสถิติแห่งชาติ
ภาคเหนือ,ลำปาง,2558,20466.20,บาท,สำนักงานสถิติแห่งชาติ
ภาคเหนือ,ลำปาง,2560,21034.46,บาท,สำนักงานสถิติแห่งชาติ
ภาคเหนือ,ลำปาง,2562,23928.99,บาท,สำนักงานสถิติแห่งชาติ
ภาคเหนือ,ลำปาง,2564,19857.63,บาท,สำนักงานสถิติแห่งชาติ
ภาคเหนือ,อุตรดิตถ์,2547,10940.57,บาท,สำนักงานสถิติแห่งชาติ
ภาคเหนือ,อุตรดิตถ์,2549,14225.00,บาท,สำนักงานสถิติแห่งชาติ
ภาคเหนือ,อุตรดิตถ์,2550,15001.00,บาท,สำนักงานสถิติแห่งชาติ
ภาคเหนือ,อุตรดิตถ์,2552,15864.84,บาท,สำนักงานสถิติแห่งชาติ
ภาคเหนือ,อุตรดิตถ์,2554,17602.20,บาท,สำนักงานสถิติแห่งชาติ
ภาคเหนือ,อุตรดิตถ์,2556,21344.40,บาท,สำนักงานสถิติแห่งชาติ
ภาคเหนือ,อุตรดิตถ์,2558,19239.40,บาท,สำนักงานสถิติแห่งชาติ
ภาคเหนือ,อุตรดิตถ์,2560,20857.49,บาท,สำนักงานสถิติแห่งชาติ
ภาคเหนือ,อุตรดิตถ์,2562,21425.26,บาท,สำนักงานสถิติแห่งชาติ
ภาคเหนือ,อุตรดิตถ์,2564,21664.34,บาท,สำนักงานสถิติแห่งชาติ
ภาคเหนือ,แพร่,2547,11333.35,บาท,สำนักงานสถิติแห่งชาติ
ภาคเหนือ,แพร่,2549,12591.00,บาท,สำนักงานสถิติแห่งชาติ
ภาคเหนือ,แพร่,2550,14045.00,บาท,สำนักงานสถิติแห่งชาติ
ภาคเหนือ,แพร่,2552,13033.86,บาท,สำนักงานสถิติแห่งชาติ
ภาคเหนือ,แพร่,2554,18157.20,บาท,สำนักงานสถิติแห่งชาติ
ภาคเหนือ,แพร่,2556,19417.80,บาท,สำนักงานสถิติแห่งชาติ
ภาคเหนือ,แพร่,2558,21795.50,บาท,สำนักงานสถิติแห่งชาติ
ภาคเหนือ,แพร่,2560,19850.21,บาท,สำนักงานสถิติแห่งชาติ
ภาคเหนือ,แพร่,2562,21398.36,บาท,สำนักงานสถิติแห่งชาติ
ภาคเหนือ,แพร่,2564,20366.72,บาท,สำนักงานสถิติแห่งชาติ
ภาคเหนือ,น่าน,2547,10750.81,บาท,สำนักงานสถิติแห่งชาติ
ภาคเหนือ,น่าน,2549,10590.00,บาท,สำนักงานสถิติแห่งชาติ
ภาคเหนือ,น่าน,2550,11407.00,บาท,สำนักงานสถิติแห่งชาติ
ภาคเหนือ,น่าน,2552,14624.32,บาท,สำนักงานสถิติแห่งชาติ
ภาคเหนือ,น่าน,2554,16249.30,บาท,สำนักงานสถิติแห่งชาติ
ภาคเหนือ,น่าน,2556,17597.50,บาท,สำนักงานสถิติแห่งชาติ
ภาคเหนือ,น่าน,2558,17886.20,บาท,สำนักงานสถิติแห่งชาติ
ภาคเหนือ,น่าน,2560,19591.20,บาท,สำนักงานสถิติแห่งชาติ
ภาคเหนือ,น่าน,2562,18041.55,บาท,สำนักงานสถิติแห่งชาติ
ภาคเหนือ,น่าน,2564,20555.92,บาท,สำนักงานสถิติแห่งชาติ
ภาคเหนือ,พะเยา,2547,9642.81,บาท,สำนักงานสถิติแห่งชาติ
ภาคเหนือ,พะเยา,2549,10352.00,บาท,สำนักงานสถิติแห่งชาติ
ภาคเหนือ,พะเยา,2550,11348.00,บาท,สำนักงานสถิติแห่งชาติ
ภาคเหนือ,พะเยา,2552,13188.95,บาท,สำนักงานสถิติแห่งชาติ
ภาคเหนือ,พะเยา,2554,14456.80,บาท,สำนักงานสถิติแห่งชาติ
ภาคเหนือ,พะเยา,2556,15491.10,บาท,สำนักงานสถิติแห่งชาติ
ภาคเหนือ,พะเยา,2558,17673.10,บาท,สำนักงานสถิติแห่งชาติ
ภาคเหนือ,พะเยา,2560,14593.62,บาท,สำนักงานสถิติแห่งชาติ
ภาคเหนือ,พะเยา,2562,14353.79,บาท,สำนักงานสถิติแห่งชาติ
ภาคเหนือ,พะเยา,2564,16338.27,บาท,สำนักงานสถิติแห่งชาติ
ภาคเหนือ,เชียงราย,2547,8920.50,บาท,สำนักงานสถิติแห่งชาติ
ภาคเหนือ,เชียงราย,2549,10495.00,บาท,สำนักงานสถิติแห่งชาติ
ภาคเหนือ,เชียงราย,2550,13736.00,บาท,สำนักงานสถิติแห่งชาติ
ภาคเหนือ,เชียงราย,2552,13277.53,บาท,สำนักงานสถิติแห่งชาติ
ภาคเหนือ,เชียงราย,2554,15033.70,บาท,สำนักงานสถิติแห่งชาติ
ภาคเหนือ,เชียงราย,2556,13510.10,บาท,สำนักงานสถิติแห่งชาติ
ภาคเหนือ,เชียงราย,2558,13497.20,บาท,สำนักงานสถิติแห่งชาติ
ภาคเหนือ,เชียงราย,2560,11808.93,บาท,สำนักงานสถิติแห่งชาติ
ภาคเหนือ,เชียงราย,2562,15056.38,บาท,สำนักงานสถิติแห่งชาติ
ภาคเหนือ,เชียงราย,2564,15618.97,บาท,สำนักงานสถิติแห่งชาติ
ภาคเหนือ,แม่ฮ่องสอน,2547,8675.94,บาท,สำนักงานสถิติแห่งชาติ
ภาคเหนือ,แม่ฮ่องสอน,2549,6544.00,บาท,สำนักงานสถิติแห่งชาติ
ภาคเหนือ,แม่ฮ่องสอน,2550,7245.00,บาท,สำนักงานสถิติแห่งชาติ
ภาคเหนือ,แม่ฮ่องสอน,2552,7935.83,บาท,สำนักงานสถิติแห่งชาติ
ภาคเหนือ,แม่ฮ่องสอน,2554,9024.30,บาท,สำนักงานสถิติแห่งชาติ
ภาคเหนือ,แม่ฮ่องสอน,2556,8820.90,บาท,สำนักงานสถิติแห่งชาติ
ภาคเหนือ,แม่ฮ่องสอน,2558,15119.40,บาท,สำนักงานสถิติแห่งชาติ
ภาคเหนือ,แม่ฮ่องสอน,2560,15617.49,บาท,สำนักงานสถิติแห่งชาติ
ภาคเหนือ,แม่ฮ่องสอน,2562,13970.93,บาท,สำนักงานสถิติแห่งชาติ
ภาคเหนือ,แม่ฮ่องสอน,2564,15495.95,บาท,สำนักงานสถิติแห่งชาติ
ภาคเหนือ,นครสวรรค์,2547,10199.68,บาท,สำนักงานสถิติแห่งชาติ
ภาคเหนือ,นครสวรรค์,2549,14947.00,บาท,สำนักงานสถิติแห่งชาติ
ภาคเหนือ,นครสวรรค์,2550,15141.00,บาท,สำนักงานสถิติแห่งชาติ
ภาคเหนือ,นครสวรรค์,2552,17127.21,บาท,สำนักงานสถิติแห่งชาติ
ภาคเหนือ,นครสวรรค์,2554,21560.90,บาท,สำนักงานสถิติแห่งชาติ
ภาคเหนือ,นครสวรรค์,2556,24158.30,บาท,สำนักงานสถิติแห่งชาติ
ภาคเหนือ,นครสวรรค์,2558,21952.30,บาท,สำนักงานสถิติแห่งชาติ
ภาคเหนือ,นครสวรรค์,2560,21002.53,บาท,สำนักงานสถิติแห่งชาติ
ภาคเหนือ,นครสวรรค์,2562,22137.00,บาท,สำนักงานสถิติแห่งชาติ
ภาคเหนือ,นครสวรรค์,2564,20527.42,บาท,สำนักงานสถิติแห่งชาติ
ภาคเหนือ,อุทัยธานี,2547,9816.70,บาท,สำนักงานสถิติแห่งชาติ
ภาคเหนือ,อุทัยธานี,2549,13258.00,บาท,สำนักงานสถิติแห่งชาติ
ภาคเหนือ,อุทัยธานี,2550,12036.00,บาท,สำนักงานสถิติแห่งชาติ
ภาคเหนือ,อุทัยธานี,2552,17425.09,บาท,สำนักงานสถิติแห่งชาติ
ภาคเหนือ,อุทัยธานี,2554,18487.10,บาท,สำนักงานสถิติแห่งชาติ
ภาคเหนือ,อุทัยธานี,2556,20149.70,บาท,สำนักงานสถิติแห่งชาติ
ภาคเหนือ,อุทัยธานี,2558,20114.50,บาท,สำนักงานสถิติแห่งชาติ
ภาคเหนือ,อุทัยธานี,2560,21165.96,บาท,สำนักงานสถิติแห่งชาติ
ภาคเหนือ,อุทัยธานี,2562,19873.05,บาท,สำนักงานสถิติแห่งชาติ
ภาคเหนือ,อุทัยธานี,2564,18427.96,บาท,สำนักงานสถิติแห่งชาติ
ภาคเหนือ,กำแพงเพชร,2547,12776.33,บาท,สำนักงานสถิติแห่งชาติ
ภาคเหนือ,กำแพงเพชร,2549,15337.00,บาท,สำนักงานสถิติแห่งชาติ
ภาคเหนือ,กำแพงเพชร,2550,15559.00,บาท,สำนักงานสถิติแห่งชาติ
ภาคเหนือ,กำแพงเพชร,2552,18115.32,บาท,สำนักงานสถิติแห่งชาติ
ภาคเหนือ,กำแพงเพชร,2554,18671.90,บาท,สำนักงานสถิติแห่งชาติ
ภาคเหนือ,กำแพงเพชร,2556,22082.60,บาท,สำนักงานสถิติแห่งชาติ
ภาคเหนือ,กำแพงเพชร,2558,20140.20,บาท,สำนักงานสถิติแห่งชาติ
ภาคเหนือ,กำแพงเพชร,2560,18770.80,บาท,สำนักงานสถิติแห่งชาติ
ภาคเหนือ,กำแพงเพชร,2562,19264.31,บาท,สำนักงานสถิติแห่งชาติ
ภาคเหนือ,กำแพงเพชร,2564,20941.15,บาท,สำนักงานสถิติแห่งชาติ
ภาคเหนือ,ตาก,2547,9548.85,บาท,สำนักงานสถิติแห่งชาติ
ภาคเหนือ,ตาก,2549,10963.00,บาท,สำนักงานสถิติแห่งชาติ
ภาคเหนือ,ตาก,2550,10791.00,บาท,สำนักงานสถิติแห่งชาติ
ภาคเหนือ,ตาก,2552,12452.55,บาท,สำนักงานสถิติแห่งชาติ
ภาคเหนือ,ตาก,2554,12935.60,บาท,สำนักงานสถิติแห่งชาติ
ภาคเหนือ,ตาก,2556,17020.00,บาท,สำนักงานสถิติแห่งชาติ
ภาคเหนือ,ตาก,2558,20079.40,บาท,สำนักงานสถิติแห่งชาติ
ภาคเหนือ,ตาก,2560,16508.97,บาท,สำนักงานสถิติแห่งชาติ
ภาคเหนือ,ตาก,2562,17654.59,บาท,สำนักงานสถิติแห่งชาติ
ภาคเหนือ,ตาก,2564,22631.76,บาท,สำนักงานสถิติแห่งชาติ
ภาคเหนือ,สุโขทัย,2547,11427.05,บาท,สำนักงานสถิติแห่งชาติ
ภาคเหนือ,สุโขทัย,2549,13843.00,บาท,สำนักงานสถิติแห่งชาติ
ภาคเหนือ,สุโขทัย,2550,12720.00,บาท,สำนักงานสถิติแห่งชาติ
ภาคเหนือ,สุโขทัย,2552,15410.71,บาท,สำนักงานสถิติแห่งชาติ
ภาคเหนือ,สุโขทัย,2554,18098.40,บาท,สำนักงานสถิติแห่งชาติ
ภาคเหนือ,สุโขทัย,2556,24121.20,บาท,สำนักงานสถิติแห่งชาติ
ภาคเหนือ,สุโขทัย,2558,22251.50,บาท,สำนักงานสถิติแห่งชาติ
ภาคเหนือ,สุโขทัย,2560,21227.47,บาท,สำนักงานสถิติแห่งชาติ
ภาคเหนือ,สุโขทัย,2562,22358.60,บาท,สำนักงานสถิติแห่งชาติ
ภาคเหนือ,สุโขทัย,2564,22460.92,บาท,สำนักงานสถิติแห่งชาติ
ภาคเหนือ,พิษณุโลก,2547,12750.56,บาท,สำนักงานสถิติแห่งชาติ
ภาคเหนือ,พิษณุโลก,2549,14117.00,บาท,สำนักงานสถิติแห่งชาติ
ภาคเหนือ,พิษณุโลก,2550,13364.00,บาท,สำนักงานสถิติแห่งชาติ
ภาคเหนือ,พิษณุโลก,2552,15779.15,บาท,สำนักงานสถิติแห่งชาติ
ภาคเหนือ,พิษณุโลก,2554,17474.00,บาท,สำนักงานสถิติแห่งชาติ
ภาคเหนือ,พิษณุโลก,2556,27489.50,บาท,สำนักงานสถิติแห่งชาติ
ภาคเหนือ,พิษณุโลก,2558,19235.10,บาท,สำนักงานสถิติแห่งชาติ
ภาคเหนือ,พิษณุโลก,2560,20348.05,บาท,สำนักงานสถิติแห่งชาติ
ภาคเหนือ,พิษณุโลก,2562,20199.16,บาท,สำนักงานสถิติแห่งชาติ
ภาคเหนือ,พิษณุโลก,2564,20912.97,บาท,สำนักงานสถิติแห่งชาติ
ภาคเหนือ,พิจิตร,2547,10950.58,บาท,สำนักงานสถิติแห่งชาติ
ภาคเหนือ,พิจิตร,2549,13488.00,บาท,สำนักงานสถิติแห่งชาติ
ภาคเหนือ,พิจิตร,2550,15603.00,บาท,สำนักงานสถิติแห่งชาติ
ภาคเหนือ,พิจิตร,2552,21820.70,บาท,สำนักงานสถิติแห่งชาติ
ภาคเหนือ,พิจิตร,2554,18129.70,บาท,สำนักงานสถิติแห่งชาติ
ภาคเหนือ,พิจิตร,2556,21663.70,บาท,สำนักงานสถิติแห่งชาติ
ภาคเหนือ,พิจิตร,2558,22100.50,บาท,สำนักงานสถิติแห่งชาติ
ภาคเหนือ,พิจิตร,2560,19412.03,บาท,สำนักงานสถิติแห่งชาติ
ภาคเหนือ,พิจิตร,2562,21229.41,บาท,สำนักงานสถิติแห่งชาติ
ภาคเหนือ,พิจิตร,2564,22192.41,บาท,สำนักงานสถิติแห่งชาติ
ภาคเหนือ,เพชรบูรณ์,2547,9571.51,บาท,สำนักงานสถิติแห่งชาติ
ภาคเหนือ,เพชรบูรณ์,2549,11323.00,บาท,สำนักงานสถิติแห่งชาติ
ภาคเหนือ,เพชรบูรณ์,2550,12914.00,บาท,สำนักงานสถิติแห่งชาติ
ภาคเหนือ,เพชรบูรณ์,2552,17096.04,บาท,สำนักงานสถิติแห่งชาติ
ภาคเหนือ,เพชรบูรณ์,2554,15677.70,บาท,สำนักงานสถิติแห่งชาติ
ภาคเหนือ,เพชรบูรณ์,2556,19918.30,บาท,สำนักงานสถิติแห่งชาติ
ภาคเหนือ,เพชรบูรณ์,2558,21336.50,บาท,สำนักงานสถิติแห่งชาติ
ภาคเหนือ,เพชรบูรณ์,2560,21350.44,บาท,สำนักงานสถิติแห่งชาติ
ภาคเหนือ,เพชรบูรณ์,2562,24623.56,บาท,สำนักงานสถิติแห่งชาติ
ภาคเหนือ,เพชรบูรณ์,2564,26150.56,บาท,สำนักงานสถิติแห่งชาติ
ภาคตะวันออกเฉียงเหนือ,นครราชสีมา,2547,11398.40,บาท,สำนักงานสถิติแห่งชาติ
ภาคตะวันออกเฉียงเหนือ,นครราชสีมา,2549,13320.00,บาท,สำนักงานสถิติแห่งชาติ
ภาคตะวันออกเฉียงเหนือ,นครราชสีมา,2550,14177.00,บาท,สำนักงานสถิติแห่งชาติ
ภาคตะวันออกเฉียงเหนือ,นครราชสีมา,2552,19158.06,บาท,สำนักงานสถิติแห่งชาติ
ภาคตะวันออกเฉียงเหนือ,นครราชสีมา,2554,19399.40,บาท,สำนักงานสถิติแห่งชาติ
ภาคตะวันออกเฉียงเหนือ,นครราชสีมา,2556,22479.20,บาท,สำนักงานสถิติแห่งชาติ
ภาคตะวันออกเฉียงเหนือ,นครราชสีมา,2558,26376.30,บาท,สำนักงานสถิติแห่งชาติ
ภาคตะวันออกเฉียงเหนือ,นครราชสีมา,2560,24428.92,บาท,สำนักงานสถิติแห่งชาติ
ภาคตะวันออกเฉียงเหนือ,นครราชสีมา,2562,25735.93,บาท,สำนักงานสถิติแห่งชาติ
ภาคตะวันออกเฉียงเหนือ,นครราชสีมา,2564,24779.44,บาท,สำนักงานสถิติแห่งชาติ
ภาคตะวันออกเฉียงเหนือ,บุรีรัมย์,2547,8631.96,บาท,สำนักงานสถิติแห่งชาติ
ภาคตะวันออกเฉียงเหนือ,บุรีรัมย์,2549,9698.00,บาท,สำนักงานสถิติแห่งชาติ
ภาคตะวันออกเฉียงเหนือ,บุรีรัมย์,2550,10263.00,บาท,สำนักงานสถิติแห่งชาติ
ภาคตะวันออกเฉียงเหนือ,บุรีรัมย์,2552,13734.00,บาท,สำนักงานสถิติแห่งชาติ
ภาคตะวันออกเฉียงเหนือ,บุรีรัมย์,2554,17315.80,บาท,สำนักงานสถิติแห่งชาติ
ภาคตะวันออกเฉียงเหนือ,บุรีรัมย์,2556,15624.40,บาท,สำนักงานสถิติแห่งชาติ
ภาคตะวันออกเฉียงเหนือ,บุรีรัมย์,2558,18479.60,บาท,สำนักงานสถิติแห่งชาติ
ภาคตะวันออกเฉียงเหนือ,บุรีรัมย์,2560,15381.62,บาท,สำนักงานสถิติแห่งชาติ
ภาคตะวันออกเฉียงเหนือ,บุรีรัมย์,2562,14742.31,บาท,สำนักงานสถิติแห่งชาติ
ภาคตะวันออกเฉียงเหนือ,บุรีรัมย์,2564,23045.17,บาท,สำนักงานสถิติแห่งชาติ
ภาคตะวันออกเฉียงเหนือ,สุรินทร์,2547,8094.60,บาท,สำนักงานสถิติแห่งชาติ
ภาคตะวันออกเฉียงเหนือ,สุรินทร์,2549,11850.00,บาท,สำนักงานสถิติแห่งชาติ
ภาคตะวันออกเฉียงเหนือ,สุรินทร์,2550,12257.00,บาท,สำนักงานสถิติแห่งชาติ
ภาคตะวันออกเฉียงเหนือ,สุรินทร์,2552,11310.49,บาท,สำนักงานสถิติแห่งชาติ
ภาคตะวันออกเฉียงเหนือ,สุรินทร์,2554,18287.40,บาท,สำนักงานสถิติแห่งชาติ
ภาคตะวันออกเฉียงเหนือ,สุรินทร์,2556,21351.00,บาท,สำนักงานสถิติแห่งชาติ
ภาคตะวันออกเฉียงเหนือ,สุรินทร์,2558,20314.60,บาท,สำนักงานสถิติแห่งชาติ
ภาคตะวันออกเฉียงเหนือ,สุรินทร์,2560,18188.90,บาท,สำนักงานสถิติแห่งชาติ
ภาคตะวันออกเฉียงเหนือ,สุรินทร์,2562,20238.21,บาท,สำนักงานสถิติแห่งชาติ
ภาคตะวันออกเฉียงเหนือ,สุรินทร์,2564,24008.81,บาท,สำนักงานสถิติแห่งชาติ
ภาคตะวันออกเฉียงเหนือ,ศรีสะเกษ,2547,8745.02,บาท,สำนักงานสถิติแห่งชาติ
ภาคตะวันออกเฉียงเหนือ,ศรีสะเกษ,2549,9406.00,บาท,สำนักงานสถิติแห่งชาติ
ภาคตะวันออกเฉียงเหนือ,ศรีสะเกษ,2550,10782.00,บาท,สำนักงานสถิติแห่งชาติ
ภาคตะวันออกเฉียงเหนือ,ศรีสะเกษ,2552,10666.24,บาท,สำนักงานสถิติแห่งชาติ
ภาคตะวันออกเฉียงเหนือ,ศรีสะเกษ,2554,13943.90,บาท,สำนักงานสถิติแห่งชาติ
ภาคตะวันออกเฉียงเหนือ,ศรีสะเกษ,2556,16207.20,บาท,สำนักงานสถิติแห่งชาติ
ภาคตะวันออกเฉียงเหนือ,ศรีสะเกษ,2558,18792.50,บาท,สำนักงานสถิติแห่งชาติ
ภาคตะวันออกเฉียงเหนือ,ศรีสะเกษ,2560,17484.66,บาท,สำนักงานสถิติแห่งชาติ
ภาคตะวันออกเฉียงเหนือ,ศรีสะเกษ,2562,16136.56,บาท,สำนักงานสถิติแห่งชาติ
ภาคตะวันออกเฉียงเหนือ,ศรีสะเกษ,2564,16568.69,บาท,สำนักงานสถิติแห่งชาติ
ภาคตะวันออกเฉียงเหนือ,อุบลราชธานี,2547,11696.67,บาท,สำนักงานสถิติแห่งชาติ
ภาคตะวันออกเฉียงเหนือ,อุบลราชธานี,2549,12035.00,บาท,สำนักงานสถิติแห่งชาติ
ภาคตะวันออกเฉียงเหนือ,อุบลราชธานี,2550,14534.00,บาท,สำนักงานสถิติแห่งชาติ
ภาคตะวันออกเฉียงเหนือ,อุบลราชธานี,2552,16747.40,บาท,สำนักงานสถิติแห่งชาติ
ภาคตะวันออกเฉียงเหนือ,อุบลราชธานี,2554,21659.60,บาท,สำนักงานสถิติแห่งชาติ
ภาคตะวันออกเฉียงเหนือ,อุบลราชธานี,2556,22343.70,บาท,สำนักงานสถิติแห่งชาติ
ภาคตะวันออกเฉียงเหนือ,อุบลราชธานี,2558,20452.50,บาท,สำนักงานสถิติแห่งชาติ
ภาคตะวันออกเฉียงเหนือ,อุบลราชธานี,2560,24380.10,บาท,สำนักงานสถิติแห่งชาติ
ภาคตะวันออกเฉียงเหนือ,อุบลราชธานี,2562,18397.86,บาท,สำนักงานสถิติแห่งชาติ
ภาคตะวันออกเฉียงเหนือ,อุบลราชธานี,2564,20969.28,บาท,สำนักงานสถิติแห่งชาติ
ภาคตะวันออกเฉียงเหนือ,ยโสธร,2547,9409.74,บาท,สำนักงานสถิติแห่งชาติ
ภาคตะวันออกเฉียงเหนือ,ยโสธร,2549,9969.00,บาท,สำนักงานสถิติแห่งชาติ
ภาคตะวันออกเฉียงเหนือ,ยโสธร,2550,10040.00,บาท,สำนักงานสถิติแห่งชาติ
ภาคตะวันออกเฉียงเหนือ,ยโสธร,2552,11813.45,บาท,สำนักงานสถิติแห่งชาติ
ภาคตะวันออกเฉียงเหนือ,ยโสธร,2554,16766.80,บาท,สำนักงานสถิติแห่งชาติ
ภาคตะวันออกเฉียงเหนือ,ยโสธร,2556,14418.40,บาท,สำนักงานสถิติแห่งชาติ
ภาคตะวันออกเฉียงเหนือ,ยโสธร,2558,19517.90,บาท,สำนักงานสถิติแห่งชาติ
ภาคตะวันออกเฉียงเหนือ,ยโสธร,2560,16752.27,บาท,สำนักงานสถิติแห่งชาติ
ภาคตะวันออกเฉียงเหนือ,ยโสธร,2562,17768.39,บาท,สำนักงานสถิติแห่งชาติ
ภาคตะวันออกเฉียงเหนือ,ยโสธร,2564,19666.59,บาท,สำนักงานสถิติแห่งชาติ
ภาคตะวันออกเฉียงเหนือ,ชัยภูมิ,2547,9161.32,บาท,สำนักงานสถิติแห่งชาติ
ภาคตะวันออกเฉียงเหนือ,ชัยภูมิ,2549,11551.00,บาท,สำนักงานสถิติแห่งชาติ
ภาคตะวันออกเฉียงเหนือ,ชัยภูมิ,2550,11253.00,บาท,สำนักงานสถิติแห่งชาติ
ภาคตะวันออกเฉียงเหนือ,ชัยภูมิ,2552,12380.01,บาท,สำนักงานสถิติแห่งชาติ
ภาคตะวันออกเฉียงเหนือ,ชัยภูมิ,2554,15794.30,บาท,สำนักงานสถิติแห่งชาติ
ภาคตะวันออกเฉียงเหนือ,ชัยภูมิ,2556,18641.00,บาท,สำนักงานสถิติแห่งชาติ
ภาคตะวันออกเฉียงเหนือ,ชัยภูมิ,2558,23829.50,บาท,สำนักงานสถิติแห่งชาติ
ภาคตะวันออกเฉียงเหนือ,ชัยภูมิ,2560,25543.60,บาท,สำนักงานสถิติแห่งชาติ
ภาคตะวันออกเฉียงเหนือ,ชัยภูมิ,2562,20856.32,บาท,สำนักงานสถิติแห่งชาติ
ภาคตะวันออกเฉียงเหนือ,ชัยภูมิ,2564,20280.25,บาท,สำนักงานสถิติแห่งชาติ
ภาคตะวันออกเฉียงเหนือ,อำนาจเจริญ,2547,11422.90,บาท,สำนักงานสถิติแห่งชาติ
ภาคตะวันออกเฉียงเหนือ,อำนาจเจริญ,2549,13134.00,บาท,สำนักงานสถิติแห่งชาติ
ภาคตะวันออกเฉียงเหนือ,อำนาจเจริญ,2550,11889.00,บาท,สำนักงานสถิติแห่งชาติ
ภาคตะวันออกเฉียงเหนือ,อำนาจเจริญ,2552,14763.38,บาท,สำนักงานสถิติแห่งชาติ
ภาคตะวันออกเฉียงเหนือ,อำนาจเจริญ,2554,15975.40,บาท,สำนักงานสถิติแห่งชาติ
ภาคตะวันออกเฉียงเหนือ,อำนาจเจริญ,2556,17272.80,บาท,สำนักงานสถิติแห่งชาติ
ภาคตะวันออกเฉียงเหนือ,อำนาจเจริญ,2558,21172.90,บาท,สำนักงานสถิติแห่งชาติ
ภาคตะวันออกเฉียงเหนือ,อำนาจเจริญ,2560,18230.69,บาท,สำนักงานสถิติแห่งชาติ
ภาคตะวันออกเฉียงเหนือ,อำนาจเจริญ,2562,20320.06,บาท,สำนักงานสถิติแห่งชาติ
ภาคตะวันออกเฉียงเหนือ,อำนาจเจริญ,2564,20814.25,บาท,สำนักงานสถิติแห่งชาติ
ภาคตะวันออกเฉียงเหนือ,บึงกาฬ,2556,20207.00,บาท,สำนักงานสถิติแห่งชาติ
ภาคตะวันออกเฉียงเหนือ,บึงกาฬ,2558,23766.60,บาท,สำนักงานสถิติแห่งชาติ
ภาคตะวันออกเฉียงเหนือ,บึงกาฬ,2560,22668.18,บาท,สำนักงานสถิติแห่งชาติ
ภาคตะวันออกเฉียงเหนือ,บึงกาฬ,2562,22787.29,บาท,สำนักงานสถิติแห่งชาติ
ภาคตะวันออกเฉียงเหนือ,บึงกาฬ,2564,24345.36,บาท,สำนักงานสถิติแห่งชาติ
ภาคตะวันออกเฉียงเหนือ,หนองบัวลำภู,2547,8317.90,บาท,สำนักงานสถิติแห่งชาติ
ภาคตะวันออกเฉียงเหนือ,หนองบัวลำภู,2549,11030.00,บาท,สำนักงานสถิติแห่งชาติ
ภาคตะวันออกเฉียงเหนือ,หนองบัวลำภู,2550,12824.00,บาท,สำนักงานสถิติแห่งชาติ
ภาคตะวันออกเฉียงเหนือ,หนองบัวลำภู,2552,14011.99,บาท,สำนักงานสถิติแห่งชาติ
ภาคตะวันออกเฉียงเหนือ,หนองบัวลำภู,2554,17139.10,บาท,สำนักงานสถิติแห่งชาติ
ภาคตะวันออกเฉียงเหนือ,หนองบัวลำภู,2556,15390.40,บาท,สำนักงานสถิติแห่งชาติ
ภาคตะวันออกเฉียงเหนือ,หนองบัวลำภู,2558,22552.50,บาท,สำนักงานสถิติแห่งชาติ
ภาคตะวันออกเฉียงเหนือ,หนองบัวลำภู,2560,22647.58,บาท,สำนักงานสถิติแห่งชาติ
ภาคตะวันออกเฉียงเหนือ,หนองบัวลำภู,2562,18745.43,บาท,สำนักงานสถิติแห่งชาติ
ภาคตะวันออกเฉียงเหนือ,หนองบัวลำภู,2564,23867.04,บาท,สำนักงานสถิติแห่งชาติ
ภาคตะวันออกเฉียงเหนือ,ขอนแก่น,2547,13087.69,บาท,สำนักงานสถิติแห่งชาติ
ภาคตะวันออกเฉียงเหนือ,ขอนแก่น,2549,11349.00,บาท,สำนักงานสถิติแห่งชาติ
ภาคตะวันออกเฉียงเหนือ,ขอนแก่น,2550,15065.00,บาท,สำนักงานสถิติแห่งชาติ
ภาคตะวันออกเฉียงเหนือ,ขอนแก่น,2552,19778.80,บาท,สำนักงานสถิติแห่งชาติ
ภาคตะวันออกเฉียงเหนือ,ขอนแก่น,2554,16030.40,บาท,สำนักงานสถิติแห่งชาติ
ภาคตะวันออกเฉียงเหนือ,ขอนแก่น,2556,18095.00,บาท,สำนักงานสถิติแห่งชาติ
ภาคตะวันออกเฉียงเหนือ,ขอนแก่น,2558,21336.70,บาท,สำนักงานสถิติแห่งชาติ
ภาคตะวันออกเฉียงเหนือ,ขอนแก่น,2560,19848.04,บาท,สำนักงานสถิติแห่งชาติ
ภาคตะวันออกเฉียงเหนือ,ขอนแก่น,2562,19252.50,บาท,สำนักงานสถิติแห่งชาติ
ภาคตะวันออกเฉียงเหนือ,ขอนแก่น,2564,18028.45,บาท,สำนักงานสถิติแห่งชาติ
ภาคตะวันออกเฉียงเหนือ,อุดรธานี,2547,10788.81,บาท,สำนักงานสถิติแห่งชาติ
ภาคตะวันออกเฉียงเหนือ,อุดรธานี,2549,14097.00,บาท,สำนักงานสถิติแห่งชาติ
ภาคตะวันออกเฉียงเหนือ,อุดรธานี,2550,17273.00,บาท,สำนักงานสถิติแห่งชาติ
ภาคตะวันออกเฉียงเหนือ,อุดรธานี,2552,16684.20,บาท,สำนักงานสถิติแห่งชาติ
ภาคตะวันออกเฉียงเหนือ,อุดรธานี,2554,22017.30,บาท,สำนักงานสถิติแห่งชาติ
ภาคตะวันออกเฉียงเหนือ,อุดรธานี,2556,25965.90,บาท,สำนักงานสถิติแห่งชาติ
ภาคตะวันออกเฉียงเหนือ,อุดรธานี,2558,22817.40,บาท,สำนักงานสถิติแห่งชาติ
ภาคตะวันออกเฉียงเหนือ,อุดรธานี,2560,20718.24,บาท,สำนักงานสถิติแห่งชาติ
ภาคตะวันออกเฉียงเหนือ,อุดรธานี,2562,25766.53,บาท,สำนักงานสถิติแห่งชาติ
ภาคตะวันออกเฉียงเหนือ,อุดรธานี,2564,22606.52,บาท,สำนักงานสถิติแห่งชาติ
ภาคตะวันออกเฉียงเหนือ,เลย,2547,10013.09,บาท,สำนักงานสถิติแห่งชาติ
ภาคตะวันออกเฉียงเหนือ,เลย,2549,12083.00,บาท,สำนักงานสถิติแห่งชาติ
ภาคตะวันออกเฉียงเหนือ,เลย,2550,13765.00,บาท,สำนักงานสถิติแห่งชาติ
ภาคตะวันออกเฉียงเหนือ,เลย,2552,13410.79,บาท,สำนักงานสถิติแห่งชาติ
ภาคตะวันออกเฉียงเหนือ,เลย,2554,17957.70,บาท,สำนักงานสถิติแห่งชาติ
ภาคตะวันออกเฉียงเหนือ,เลย,2556,16337.60,บาท,สำนักงานสถิติแห่งชาติ
ภาคตะวันออกเฉียงเหนือ,เลย,2558,20990.40,บาท,สำนักงานสถิติแห่งชาติ
ภาคตะวันออกเฉียงเหนือ,เลย,2560,21076.99,บาท,สำนักงานสถิติแห่งชาติ
ภาคตะวันออกเฉียงเหนือ,เลย,2562,25422.29,บาท,สำนักงานสถิติแห่งชาติ
ภาคตะวันออกเฉียงเหนือ,เลย,2564,26532.42,บาท,สำนักงานสถิติแห่งชาติ
ภาคตะวันออกเฉียงเหนือ,หนองคาย,2547,11465.55,บาท,สำนักงานสถิติแห่งชาติ
ภาคตะวันออกเฉียงเหนือ,หนองคาย,2549,12877.00,บาท,สำนักงานสถิติแห่งชาติ
ภาคตะวันออกเฉียงเหนือ,หนองคาย,2550,12885.00,บาท,สำนักงานสถิติแห่งชาติ
ภาคตะวันออกเฉียงเหนือ,หนองคาย,2552,14466.97,บาท,สำนักงานสถิติแห่งชาติ
ภาคตะวันออกเฉียงเหนือ,หนองคาย,2554,16978.80,บาท,สำนักงานสถิติแห่งชาติ
ภาคตะวันออกเฉียงเหนือ,หนองคาย,2556,18057.90,บาท,สำนักงานสถิติแห่งชาติ
ภาคตะวันออกเฉียงเหนือ,หนองคาย,2558,21206.50,บาท,สำนักงานสถิติแห่งชาติ
ภาคตะวันออกเฉียงเหนือ,หนองคาย,2560,21175.28,บาท,สำนักงานสถิติแห่งชาติ
ภาคตะวันออกเฉียงเหนือ,หนองคาย,2562,20579.85,บาท,สำนักงานสถิติแห่งชาติ
ภาคตะวันออกเฉียงเหนือ,หนองคาย,2564,21574.78,บาท,สำนักงานสถิติแห่งชาติ
ภาคตะวันออกเฉียงเหนือ,มหาสารคาม,2547,10178.00,บาท,สำนักงานสถิติแห่งชาติ
ภาคตะวันออกเฉียงเหนือ,มหาสารคาม,2549,13646.00,บาท,สำนักงานสถิติแห่งชาติ
ภาคตะวันออกเฉียงเหนือ,มหาสารคาม,2550,15812.00,บาท,สำนักงานสถิติแห่งชาติ
ภาคตะวันออกเฉียงเหนือ,มหาสารคาม,2552,19845.24,บาท,สำนักงานสถิติแห่งชาติ
ภาคตะวันออกเฉียงเหนือ,มหาสารคาม,2554,25461.20,บาท,สำนักงานสถิติแห่งชาติ
ภาคตะวันออกเฉียงเหนือ,มหาสารคาม,2556,21643.80,บาท,สำนักงานสถิติแห่งชาติ
ภาคตะวันออกเฉียงเหนือ,มหาสารคาม,2558,18540.30,บาท,สำนักงานสถิติแห่งชาติ
ภาคตะวันออกเฉียงเหนือ,มหาสารคาม,2560,20137.94,บาท,สำนักงานสถิติแห่งชาติ
ภาคตะวันออกเฉียงเหนือ,มหาสารคาม,2562,22191.96,บาท,สำนักงานสถิติแห่งชาติ
ภาคตะวันออกเฉียงเหนือ,มหาสารคาม,2564,26542.15,บาท,สำนักงานสถิติแห่งชาติ
ภาคตะวันออกเฉียงเหนือ,ร้อยเอ็ด,2547,9816.84,บาท,สำนักงานสถิติแห่งชาติ
ภาคตะวันออกเฉียงเหนือ,ร้อยเอ็ด,2549,10849.00,บาท,สำนักงานสถิติแห่งชาติ
ภาคตะวันออกเฉียงเหนือ,ร้อยเอ็ด,2550,11779.00,บาท,สำนักงานสถิติแห่งชาติ
ภาคตะวันออกเฉียงเหนือ,ร้อยเอ็ด,2552,14931.99,บาท,สำนักงานสถิติแห่งชาติ
ภาคตะวันออกเฉียงเหนือ,ร้อยเอ็ด,2554,20167.00,บาท,สำนักงานสถิติแห่งชาติ
ภาคตะวันออกเฉียงเหนือ,ร้อยเอ็ด,2556,20505.20,บาท,สำนักงานสถิติแห่งชาติ
ภาคตะวันออกเฉียงเหนือ,ร้อยเอ็ด,2558,19990.40,บาท,สำนักงานสถิติแห่งชาติ
ภาคตะวันออกเฉียงเหนือ,ร้อยเอ็ด,2560,19026.86,บาท,สำนักงานสถิติแห่งชาติ
ภาคตะวันออกเฉียงเหนือ,ร้อยเอ็ด,2562,18818.99,บาท,สำนักงานสถิติแห่งชาติ
ภาคตะวันออกเฉียงเหนือ,ร้อยเอ็ด,2564,17713.50,บาท,สำนักงานสถิติแห่งชาติ
ภาคตะวันออกเฉียงเหนือ,กาฬสินธุ์,2547,8907.81,บาท,สำนักงานสถิติแห่งชาติ
ภาคตะวันออกเฉียงเหนือ,กาฬสินธุ์,2549,12445.00,บาท,สำนักงานสถิติแห่งชาติ
ภาคตะวันออกเฉียงเหนือ,กาฬสินธุ์,2550,12507.00,บาท,สำนักงานสถิติแห่งชาติ
ภาคตะวันออกเฉียงเหนือ,กาฬสินธุ์,2552,11747.71,บาท,สำนักงานสถิติแห่งชาติ
ภาคตะวันออกเฉียงเหนือ,กาฬสินธุ์,2554,17292.90,บาท,สำนักงานสถิติแห่งชาติ
ภาคตะวันออกเฉียงเหนือ,กาฬสินธุ์,2556,13921.10,บาท,สำนักงานสถิติแห่งชาติ
ภาคตะวันออกเฉียงเหนือ,กาฬสินธุ์,2558,15451.60,บาท,สำนักงานสถิติแห่งชาติ
ภาคตะวันออกเฉียงเหนือ,กาฬสินธุ์,2560,14263.81,บาท,สำนักงานสถิติแห่งชาติ
ภาคตะวันออกเฉียงเหนือ,กาฬสินธุ์,2562,19088.97,บาท,สำนักงานสถิติแห่งชาติ
ภาคตะวันออกเฉียงเหนือ,กาฬสินธุ์,2564,19398.37,บาท,สำนักงานสถิติแห่งชาติ
ภาคตะวันออกเฉียงเหนือ,สกลนคร,2547,8971.44,บาท,สำนักงานสถิติแห่งชาติ
ภาคตะวันออกเฉียงเหนือ,สกลนคร,2549,11295.00,บาท,สำนักงานสถิติแห่งชาติ
ภาคตะวันออกเฉียงเหนือ,สกลนคร,2550,11957.00,บาท,สำนักงานสถิติแห่งชาติ
ภาคตะวันออกเฉียงเหนือ,สกลนคร,2552,16679.27,บาท,สำนักงานสถิติแห่งชาติ
ภาคตะวันออกเฉียงเหนือ,สกลนคร,2554,15326.20,บาท,สำนักงานสถิติแห่งชาติ
ภาคตะวันออกเฉียงเหนือ,สกลนคร,2556,16854.20,บาท,สำนักงานสถิติแห่งชาติ
ภาคตะวันออกเฉียงเหนือ,สกลนคร,2558,19280.90,บาท,สำนักงานสถิติแห่งชาติ
ภาคตะวันออกเฉียงเหนือ,สกลนคร,2560,17819.56,บาท,สำนักงานสถิติแห่งชาติ
ภาคตะวันออกเฉียงเหนือ,สกลนคร,2562,18451.97,บาท,สำนักงานสถิติแห่งชาติ
ภาคตะวันออกเฉียงเหนือ,สกลนคร,2564,22507.75,บาท,สำนักงานสถิติแห่งชาติ
ภาคตะวันออกเฉียงเหนือ,นครพนม,2547,8168.42,บาท,สำนักงานสถิติแห่งชาติ
ภาคตะวันออกเฉียงเหนือ,นครพนม,2549,9927.00,บาท,สำนักงานสถิติแห่งชาติ
ภาคตะวันออกเฉียงเหนือ,นครพนม,2550,10009.00,บาท,สำนักงานสถิติแห่งชาติ
ภาคตะวันออกเฉียงเหนือ,นครพนม,2552,12858.56,บาท,สำนักงานสถิติแห่งชาติ
ภาคตะวันออกเฉียงเหนือ,นครพนม,2554,14053.40,บาท,สำนักงานสถิติแห่งชาติ
ภาคตะวันออกเฉียงเหนือ,นครพนม,2556,14310.40,บาท,สำนักงานสถิติแห่งชาติ
ภาคตะวันออกเฉียงเหนือ,นครพนม,2558,15804.40,บาท,สำนักงานสถิติแห่งชาติ
ภาคตะวันออกเฉียงเหนือ,นครพนม,2560,15834.42,บาท,สำนักงานสถิติแห่งชาติ
ภาคตะวันออกเฉียงเหนือ,นครพนม,2562,23431.14,บาท,สำนักงานสถิติแห่งชาติ
ภาคตะวันออกเฉียงเหนือ,นครพนม,2564,18524.55,บาท,สำนักงานสถิติแห่งชาติ
ภาคตะวันออกเฉียงเหนือ,มุกดาหาร,2547,9284.05,บาท,สำนักงานสถิติแห่งชาติ
ภาคตะวันออกเฉียงเหนือ,มุกดาหาร,2549,13497.00,บาท,สำนักงานสถิติแห่งชาติ
ภาคตะวันออกเฉียงเหนือ,มุกดาหาร,2550,13406.00,บาท,สำนักงานสถิติแห่งชาติ
ภาคตะวันออกเฉียงเหนือ,มุกดาหาร,2552,17369.78,บาท,สำนักงานสถิติแห่งชาติ
ภาคตะวันออกเฉียงเหนือ,มุกดาหาร,2554,19048.40,บาท,สำนักงานสถิติแห่งชาติ
ภาคตะวันออกเฉียงเหนือ,มุกดาหาร,2556,16494.40,บาท,สำนักงานสถิติแห่งชาติ
ภาคตะวันออกเฉียงเหนือ,มุกดาหาร,2558,22869.70,บาท,สำนักงานสถิติแห่งชาติ
ภาคตะวันออกเฉียงเหนือ,มุกดาหาร,2560,20439.56,บาท,สำนักงานสถิติแห่งชาติ
ภาคตะวันออกเฉียงเหนือ,มุกดาหาร,2562,18842.75,บาท,สำนักงานสถิติแห่งชาติ
ภาคตะวันออกเฉียงเหนือ,มุกดาหาร,2564,20607.88,บาท,สำนักงานสถิติแห่งชาติ
ภาคใต้,นครศรีธรรมราช,2547,14078.71,บาท,สำนักงานสถิติแห่งชาติ
ภาคใต้,นครศรีธรรมราช,2549,17377.00,บาท,สำนักงานสถิติแห่งชาติ
ภาคใต้,นครศรีธรรมราช,2550,18087.00,บาท,สำนักงานสถิติแห่งชาติ
ภาคใต้,นครศรีธรรมราช,2552,23295.89,บาท,สำนักงานสถิติแห่งชาติ
ภาคใต้,นครศรีธรรมราช,2554,29970.40,บาท,สำนักงานสถิติแห่งชาติ
ภาคใต้,นครศรีธรรมราช,2556,27478.90,บาท,สำนักงานสถิติแห่งชาติ
ภาคใต้,นครศรีธรรมราช,2558,25124.00,บาท,สำนักงานสถิติแห่งชาติ
ภาคใต้,นครศรีธรรมราช,2560,26239.27,บาท,สำนักงานสถิติแห่งชาติ
ภาคใต้,นครศรีธรรมราช,2562,28412.35,บาท,สำนักงานสถิติแห่งชาติ
ภาคใต้,นครศรีธรรมราช,2564,31052.80,บาท,สำนักงานสถิติแห่งชาติ
ภาคใต้,กระบี่,2547,16876.96,บาท,สำนักงานสถิติแห่งชาติ
ภาคใต้,กระบี่,2549,18446.00,บาท,สำนักงานสถิติแห่งชาติ
ภาคใต้,กระบี่,2550,18852.00,บาท,สำนักงานสถิติแห่งชาติ
ภาคใต้,กระบี่,2552,23647.37,บาท,สำนักงานสถิติแห่งชาติ
ภาคใต้,กระบี่,2554,33350.30,บาท,สำนักงานสถิติแห่งชาติ
ภาคใต้,กระบี่,2556,27275.80,บาท,สำนักงานสถิติแห่งชาติ
ภาคใต้,กระบี่,2558,31011.50,บาท,สำนักงานสถิติแห่งชาติ
ภาคใต้,กระบี่,2560,34052.87,บาท,สำนักงานสถิติแห่งชาติ
ภาคใต้,กระบี่,2562,28521.69,บาท,สำนักงานสถิติแห่งชาติ
ภาคใต้,กระบี่,2564,29840.64,บาท,สำนักงานสถิติแห่งชาติ
ภาคใต้,พังงา,2547,16965.02,บาท,สำนักงานสถิติแห่งชาติ
ภาคใต้,พังงา,2549,25349.00,บาท,สำนักงานสถิติแห่งชาติ
ภาคใต้,พังงา,2550,22211.00,บาท,สำนักงานสถิติแห่งชาติ
ภาคใต้,พังงา,2552,22355.84,บาท,สำนักงานสถิติแห่งชาติ
ภาคใต้,พังงา,2554,24470.40,บาท,สำนักงานสถิติแห่งชาติ
ภาคใต้,พังงา,2556,26167.70,บาท,สำนักงานสถิติแห่งชาติ
ภาคใต้,พังงา,2558,28842.30,บาท,สำนักงานสถิติแห่งชาติ
ภาคใต้,พังงา,2560,24631.91,บาท,สำนักงานสถิติแห่งชาติ
ภาคใต้,พังงา,2562,22443.69,บาท,สำนักงานสถิติแห่งชาติ
ภาคใต้,พังงา,2564,24593.65,บาท,สำนักงานสถิติแห่งชาติ
ภาคใต้,ภูเก็ต,2547,25081.96,บาท,สำนักงานสถิติแห่งชาติ
ภาคใต้,ภูเก็ต,2549,25630.00,บาท,สำนักงานสถิติแห่งชาติ
ภาคใต้,ภูเก็ต,2550,25084.00,บาท,สำนักงานสถิติแห่งชาติ
ภาคใต้,ภูเก็ต,2552,28514.73,บาท,สำนักงานสถิติแห่งชาติ
ภาคใต้,ภูเก็ต,2554,26048.00,บาท,สำนักงานสถิติแห่งชาติ
ภาคใต้,ภูเก็ต,2556,31857.40,บาท,สำนักงานสถิติแห่งชาติ
ภาคใต้,ภูเก็ต,2558,31499.70,บาท,สำนักงานสถิติแห่งชาติ
ภาคใต้,ภูเก็ต,2560,39593.56,บาท,สำนักงานสถิติแห่งชาติ
ภาคใต้,ภูเก็ต,2562,36699.01,บาท,สำนักงานสถิติแห่งชาติ
ภาคใต้,ภูเก็ต,2564,33328.16,บาท,สำนักงานสถิติแห่งชาติ
ภาคใต้,สุราษฎร์ธานี,2547,16150.29,บาท,สำนักงานสถิติแห่งชาติ
ภาคใต้,สุราษฎร์ธานี,2549,21747.00,บาท,สำนักงานสถิติแห่งชาติ
ภาคใต้,สุราษฎร์ธานี,2550,26207.00,บาท,สำนักงานสถิติแห่งชาติ
ภาคใต้,สุราษฎร์ธานี,2552,30604.00,บาท,สำนักงานสถิติแห่งชาติ
ภาคใต้,สุราษฎร์ธานี,2554,34416.60,บาท,สำนักงานสถิติแห่งชาติ
ภาคใต้,สุราษฎร์ธานี,2556,36864.50,บาท,สำนักงานสถิติแห่งชาติ
ภาคใต้,สุราษฎร์ธานี,2558,36465.60,บาท,สำนักงานสถิติแห่งชาติ
ภาคใต้,สุราษฎร์ธานี,2560,38025.69,บาท,สำนักงานสถิติแห่งชาติ
ภาคใต้,สุราษฎร์ธานี,2562,32014.02,บาท,สำนักงานสถิติแห่งชาติ
ภาคใต้,สุราษฎร์ธานี,2564,34402.22,บาท,สำนักงานสถิติแห่งชาติ
ภาคใต้,ระนอง,2547,14327.52,บาท,สำนักงานสถิติแห่งชาติ
ภาคใต้,ระนอง,2549,18679.00,บาท,สำนักงานสถิติแห่งชาติ
ภาคใต้,ระนอง,2550,21620.00,บาท,สำนักงานสถิติแห่งชาติ
ภาคใต้,ระนอง,2552,19274.00,บาท,สำนักงานสถิติแห่งชาติ
ภาคใต้,ระนอง,2554,26048.70,บาท,สำนักงานสถิติแห่งชาติ
ภาคใต้,ระนอง,2556,32291.80,บาท,สำนักงานสถิติแห่งชาติ
ภาคใต้,ระนอง,2558,22034.70,บาท,สำนักงานสถิติแห่งชาติ
ภาคใต้,ระนอง,2560,23832.60,บาท,สำนักงานสถิติแห่งชาติ
ภาคใต้,ระนอง,2562,27600.25,บาท,สำนักงานสถิติแห่งชาติ
ภาคใต้,ระนอง,2564,21990.56,บาท,สำนักงานสถิติแห่งชาติ
ภาคใต้,ชุมพร,2547,11482.41,บาท,สำนักงานสถิติแห่งชาติ
ภาคใต้,ชุมพร,2549,17244.00,บาท,สำนักงานสถิติแห่งชาติ
ภาคใต้,ชุมพร,2550,19003.00,บาท,สำนักงานสถิติแห่งชาติ
ภาคใต้,ชุมพร,2552,25179.00,บาท,สำนักงานสถิติแห่งชาติ
ภาคใต้,ชุมพร,2554,28021.50,บาท,สำนักงานสถิติแห่งชาติ
ภาคใต้,ชุมพร,2556,27540.20,บาท,สำนักงานสถิติแห่งชาติ
ภาคใต้,ชุมพร,2558,29306.10,บาท,สำนักงานสถิติแห่งชาติ
ภาคใต้,ชุมพร,2560,28758.67,บาท,สำนักงานสถิติแห่งชาติ
ภาคใต้,ชุมพร,2562,29782.00,บาท,สำนักงานสถิติแห่งชาติ
ภาคใต้,ชุมพร,2564,30598.05,บาท,สำนักงานสถิติแห่งชาติ
ภาคใต้,สงขลา,2547,15480.61,บาท,สำนักงานสถิติแห่งชาติ
ภาคใต้,สงขลา,2549,22093.00,บาท,สำนักงานสถิติแห่งชาติ
ภาคใต้,สงขลา,2550,22342.00,บาท,สำนักงานสถิติแห่งชาติ
ภาคใต้,สงขลา,2552,27356.00,บาท,สำนักงานสถิติแห่งชาติ
ภาคใต้,สงขลา,2554,26711.20,บาท,สำนักงานสถิติแห่งชาติ
ภาคใต้,สงขลา,2556,26824.10,บาท,สำนักงานสถิติแห่งชาติ
ภาคใต้,สงขลา,2558,27659.90,บาท,สำนักงานสถิติแห่งชาติ
ภาคใต้,สงขลา,2560,26702.74,บาท,สำนักงานสถิติแห่งชาติ
ภาคใต้,สงขลา,2562,20781.10,บาท,สำนักงานสถิติแห่งชาติ
ภาคใต้,สงขลา,2564,22691.40,บาท,สำนักงานสถิติแห่งชาติ
ภาคใต้,สตูล,2547,11825.93,บาท,สำนักงานสถิติแห่งชาติ
ภาคใต้,สตูล,2549,14307.00,บาท,สำนักงานสถิติแห่งชาติ
ภาคใต้,สตูล,2550,17328.00,บาท,สำนักงานสถิติแห่งชาติ
ภาคใต้,สตูล,2552,20695.00,บาท,สำนักงานสถิติแห่งชาติ
ภาคใต้,สตูล,2554,21046.80,บาท,สำนักงานสถิติแห่งชาติ
ภาคใต้,สตูล,2556,25399.60,บาท,สำนักงานสถิติแห่งชาติ
ภาคใต้,สตูล,2558,23208.50,บาท,สำนักงานสถิติแห่งชาติ
ภาคใต้,สตูล,2560,22614.49,บาท,สำนักงานสถิติแห่งชาติ
ภาคใต้,สตูล,2562,22253.58,บาท,สำนักงานสถิติแห่งชาติ
ภาคใต้,สตูล,2564,23866.82,บาท,สำนักงานสถิติแห่งชาติ
ภาคใต้,ตรัง,2547,17038.25,บาท,สำนักงานสถิติแห่งชาติ
ภาคใต้,ตรัง,2549,20801.00,บาท,สำนักงานสถิติแห่งชาติ
ภาคใต้,ตรัง,2550,23650.00,บาท,สำนักงานสถิติแห่งชาติ
ภาคใต้,ตรัง,2552,21992.00,บาท,สำนักงานสถิติแห่งชาติ
ภาคใต้,ตรัง,2554,36245.20,บาท,สำนักงานสถิติแห่งชาติ
ภาคใต้,ตรัง,2556,33269.90,บาท,สำนักงานสถิติแห่งชาติ
ภาคใต้,ตรัง,2558,23309.10,บาท,สำนักงานสถิติแห่งชาติ
ภาคใต้,ตรัง,2560,21813.89,บาท,สำนักงานสถิติแห่งชาติ
ภาคใต้,ตรัง,2562,26004.22,บาท,สำนักงานสถิติแห่งชาติ
ภาคใต้,ตรัง,2564,24457.23,บาท,สำนักงานสถิติแห่งชาติ
ภาคใต้,พัทลุง,2547,14984.53,บาท,สำนักงานสถิติแห่งชาติ
ภาคใต้,พัทลุง,2549,18045.00,บาท,สำนักงานสถิติแห่งชาติ
ภาคใต้,พัทลุง,2550,18670.00,บาท,สำนักงานสถิติแห่งชาติ
ภาคใต้,พัทลุง,2552,19381.00,บาท,สำนักงานสถิติแห่งชาติ
ภาคใต้,พัทลุง,2554,25201.90,บาท,สำนักงานสถิติแห่งชาติ
ภาคใต้,พัทลุง,2556,26169.30,บาท,สำนักงานสถิติแห่งชาติ
ภาคใต้,พัทลุง,2558,21478.30,บาท,สำนักงานสถิติแห่งชาติ
ภาคใต้,พัทลุง,2560,20508.68,บาท,สำนักงานสถิติแห่งชาติ
ภาคใต้,พัทลุง,2562,20084.91,บาท,สำนักงานสถิติแห่งชาติ
ภาคใต้,พัทลุง,2564,24084.10,บาท,สำนักงานสถิติแห่งชาติ
ภาคใต้,ปัตตานี,2547,11837.21,บาท,สำนักงานสถิติแห่งชาติ
ภาคใต้,ปัตตานี,2549,12547.00,บาท,สำนักงานสถิติแห่งชาติ
ภาคใต้,ปัตตานี,2550,11840.00,บาท,สำนักงานสถิติแห่งชาติ
ภาคใต้,ปัตตานี,2552,13511.00,บาท,สำนักงานสถิติแห่งชาติ
ภาคใต้,ปัตตานี,2554,16121.50,บาท,สำนักงานสถิติแห่งชาติ
ภาคใต้,ปัตตานี,2556,20199.10,บาท,สำนักงานสถิติแห่งชาติ
ภาคใต้,ปัตตานี,2558,17513.00,บาท,สำนักงานสถิติแห่งชาติ
ภาคใต้,ปัตตานี,2560,19495.51,บาท,สำนักงานสถิติแห่งชาติ
ภาคใต้,ปัตตานี,2562,22903.84,บาท,สำนักงานสถิติแห่งชาติ
ภาคใต้,ปัตตานี,2564,20691.69,บาท,สำนักงานสถิติแห่งชาติ
ภาคใต้,ยะลา,2547,11886.38,บาท,สำนักงานสถิติแห่งชาติ
ภาคใต้,ยะลา,2549,14354.00,บาท,สำนักงานสถิติแห่งชาติ
ภาคใต้,ยะลา,2550,13698.00,บาท,สำนักงานสถิติแห่งชาติ
ภาคใต้,ยะลา,2552,19619.00,บาท,สำนักงานสถิติแห่งชาติ
ภาคใต้,ยะลา,2554,21858.80,บาท,สำนักงานสถิติแห่งชาติ
ภาคใต้,ยะลา,2556,22483.10,บาท,สำนักงานสถิติแห่งชาติ
ภาคใต้,ยะลา,2558,15583.80,บาท,สำนักงานสถิติแห่งชาติ
ภาคใต้,ยะลา,2560,18018.21,บาท,สำนักงานสถิติแห่งชาติ
ภาคใต้,ยะลา,2562,16588.15,บาท,สำนักงานสถิติแห่งชาติ
ภาคใต้,ยะลา,2564,19181.87,บาท,สำนักงานสถิติแห่งชาติ
ภาคใต้,นราธิวาส,2547,9239.83,บาท,สำนักงานสถิติแห่งชาติ
ภาคใต้,นราธิวาส,2549,11586.00,บาท,สำนักงานสถิติแห่งชาติ
ภาคใต้,นราธิวาส,2550,13148.00,บาท,สำนักงานสถิติแห่งชาติ
ภาคใต้,นราธิวาส,2552,11244.00,บาท,สำนักงานสถิติแห่งชาติ
ภาคใต้,นราธิวาส,2554,16834.40,บาท,สำนักงานสถิติแห่งชาติ
ภาคใต้,นราธิวาส,2556,16772.80,บาท,สำนักงานสถิติแห่งชาติ
ภาคใต้,นราธิวาส,2558,19889.60,บาท,สำนักงานสถิติแห่งชาติ
ภาคใต้,นราธิวาส,2560,17179.61,บาท,สำนักงานสถิติแห่งชาติ
ภาคใต้,นราธิวาส,2562,17716.50,บาท,สำนักงานสถิติแห่งชาติ
ภาคใต้,นราธิวาส,2564,17512.02,บาท,สำนักงานสถิติแห่งชาติ
