id,region,province,sex,value,year
1,ทั่วราชอาณาจักร,ทั่วราชอาณาจักร,ชาย,31614938,2555
2,ทั่วราชอาณาจักร,ทั่วราชอาณาจักร,หญิง,32651427,2555
3,กรุงเทพมหานคร,กรุงเทพมหานคร,ชาย,2691854,2555
4,กรุงเทพมหานคร,กรุงเทพมหานคร,หญิง,2982348,2555
5,กลาง,สมุทรปราการ,ชาย,584451,2555
6,กลาง,นนทบุรี,ชาย,531490,2555
7,กลาง,ปทุมธานี,ชาย,485795,2555
8,กลาง,พระนครศรีอยุธยา,ชาย,381626,2555
9,กลาง,อ่างทอง,ชาย,136278,2555
10,กลาง,ลพบุรี,ชาย,380213,2555
11,กลาง,สิงห์บุรี,ชาย,101838,2555
12,กลาง,ชัยนาท,ชาย,160827,2555
13,กลาง,สระบุรี,ชาย,308417,2555
14,กลาง,ชลบุรี,ชาย,662640,2555
15,กลาง,ระยอง,ชาย,317131,2555
16,กลาง,จันทบุรี,ชาย,255603,2555
17,กลาง,ตราด,ชาย,111018,2555
18,กลาง,ฉะเชิงเทรา,ชาย,334567,2555
19,กลาง,ปราจีนบุรี,ชาย,233827,2555
20,กลาง,นครนายก,ชาย,125991,2555
21,กลาง,สระแก้ว,ชาย,274929,2555
22,กลาง,ราชบุรี,ชาย,411985,2555
23,กลาง,กาญจนบุรี,ชาย,421124,2555
24,กลาง,สุพรรณบุรี,ชาย,410127,2555
25,กลาง,นครปฐม,ชาย,417885,2555
26,กลาง,สมุทรสาคร,ชาย,243507,2555
27,กลาง,สมุทรสงคราม,ชาย,93260,2555
28,กลาง,เพชรบุรี,ชาย,226489,2555
29,กลาง,ประจวบคีรีขันธ์,ชาย,257257,2555
30,กลาง,สมุทรปราการ,หญิง,628811,2555
31,กลาง,นนทบุรี,หญิง,600660,2555
32,กลาง,ปทุมธานี,หญิง,536572,2555
33,กลาง,พระนครศรีอยุธยา,หญิง,408955,2555
34,กลาง,อ่างทอง,หญิง,147694,2555
35,กลาง,ลพบุรี,หญิง,376880,2555
36,กลาง,สิงห์บุรี,หญิง,111564,2555
37,กลาง,ชัยนาท,หญิง,172387,2555
38,กลาง,สระบุรี,หญิง,314654,2555
39,กลาง,ชลบุรี,หญิง,688689,2555
40,กลาง,ระยอง,หญิง,326375,2555
41,กลาง,จันทบุรี,หญิง,263730,2555
42,กลาง,ตราด,หญิง,111416,2555
43,กลาง,ฉะเชิงเทรา,หญิง,347978,2555
44,กลาง,ปราจีนบุรี,หญิง,237884,2555
45,กลาง,นครนายก,หญิง,128511,2555
46,กลาง,สระแก้ว,หญิง,272040,2555
47,กลาง,ราชบุรี,หญิง,432673,2555
48,กลาง,กาญจนบุรี,หญิง,417467,2555
49,กลาง,สุพรรณบุรี,หญิง,436054,2555
50,กลาง,นครปฐม,หญิง,452455,2555
51,กลาง,สมุทรสาคร,หญิง,260449,2555
52,กลาง,สมุทรสงคราม,หญิง,100804,2555
53,กลาง,เพชรบุรี,หญิง,240987,2555
54,กลาง,ประจวบคีรีขันธ์,หญิง,257552,2555
55,เหนือ,เชียงใหม่,ชาย,804772,2555
56,เหนือ,ลำพูน,ชาย,196566,2555
57,เหนือ,ลำปาง,ชาย,372930,2555
58,เหนือ,อุตรดิตถ์,ชาย,227294,2555
59,เหนือ,แพร่,ชาย,223030,2555
60,เหนือ,น่าน,ชาย,240666,2555
61,เหนือ,พะเยา,ชาย,238496,2555
62,เหนือ,เชียงราย,ชาย,590102,2555
63,เหนือ,แม่ฮ่องสอน,ชาย,125201,2555
64,เหนือ,นครสวรรค์,ชาย,525187,2555
65,เหนือ,อุทัยธานี,ชาย,161534,2555
66,เหนือ,กำแพงเพชร,ชาย,361209,2555
67,เหนือ,ตาก,ชาย,267431,2555
68,เหนือ,สุโขทัย,ชาย,293807,2555
69,เหนือ,พิษณุโลก,ชาย,419077,2555
70,เหนือ,พิจิตร,ชาย,269265,2555
71,เหนือ,เพชรบูรณ์,ชาย,493490,2555
72,เหนือ,เชียงใหม่,หญิง,846121,2555
73,เหนือ,ลำพูน,หญิง,207747,2555
74,เหนือ,ลำปาง,หญิง,384243,2555
75,เหนือ,อุตรดิตถ์,หญิง,233873,2555
76,เหนือ,แพร่,หญิง,235148,2555
77,เหนือ,น่าน,หญิง,236476,2555
78,เหนือ,พะเยา,หญิง,248800,2555
79,เหนือ,เชียงราย,หญิง,609437,2555
80,เหนือ,แม่ฮ่องสอน,หญิง,119001,2555
81,เหนือ,นครสวรรค์,หญิง,547329,2555
82,เหนือ,อุทัยธานี,หญิง,166958,2555
83,เหนือ,กำแพงเพชร,หญิง,365573,2555
84,เหนือ,ตาก,หญิง,261100,2555
85,เหนือ,สุโขทัย,หญิง,308246,2555
86,เหนือ,พิษณุโลก,หญิง,433787,2555
87,เหนือ,พิจิตร,หญิง,280276,2555
88,เหนือ,เพชรบูรณ์,หญิง,498765,2555
89,ตะวันออกเฉียงเหนือ,นครราชสีมา,ชาย,1282246,2555
90,ตะวันออกเฉียงเหนือ,บุรีรัมย์,ชาย,779954,2555
91,ตะวันออกเฉียงเหนือ,สุรินทร์,ชาย,692033,2555
92,ตะวันออกเฉียงเหนือ,ศรีสะเกษ,ชาย,727685,2555
93,ตะวันออกเฉียงเหนือ,อุบลราชธานี,ชาย,913853,2555
94,ตะวันออกเฉียงเหนือ,ยโสธร,ชาย,270640,2555
95,ตะวันออกเฉียงเหนือ,ชัยภูมิ,ชาย,561997,2555
96,ตะวันออกเฉียงเหนือ,อำนาจเจริญ,ชาย,186754,2555
97,ตะวันออกเฉียงเหนือ,บึงกาฬ,ชาย,206790,2555
98,ตะวันออกเฉียงเหนือ,หนองบัวลำภู,ชาย,253123,2555
99,ตะวันออกเฉียงเหนือ,ขอนแก่น,ชาย,877186,2555
100,ตะวันออกเฉียงเหนือ,อุดรธานี,ชาย,775070,2555
101,ตะวันออกเฉียงเหนือ,เลย,ชาย,316688,2555
102,ตะวันออกเฉียงเหนือ,หนองคาย,ชาย,255814,2555
103,ตะวันออกเฉียงเหนือ,มหาสารคาม,ชาย,466649,2555
104,ตะวันออกเฉียงเหนือ,ร้อยเอ็ด,ชาย,651776,2555
105,ตะวันออกเฉียงเหนือ,กาฬสินธุ์,ชาย,489850,2555
106,ตะวันออกเฉียงเหนือ,สกลนคร,ชาย,562875,2555
107,ตะวันออกเฉียงเหนือ,นครพนม,ชาย,352704,2555
108,ตะวันออกเฉียงเหนือ,มุกดาหาร,ชาย,171381,2555
109,ตะวันออกเฉียงเหนือ,นครราชสีมา,หญิง,1311000,2555
110,ตะวันออกเฉียงเหนือ,บุรีรัมย์,หญิง,782958,2555
111,ตะวันออกเฉียงเหนือ,สุรินทร์,หญิง,691305,2555
112,ตะวันออกเฉียงเหนือ,ศรีสะเกษ,หญิง,727602,2555
113,ตะวันออกเฉียงเหนือ,อุบลราชธานี,หญิง,907636,2555
114,ตะวันออกเฉียงเหนือ,ยโสธร,หญิง,268920,2555
115,ตะวันออกเฉียงเหนือ,ชัยภูมิ,หญิง,568231,2555
116,ตะวันออกเฉียงเหนือ,อำนาจเจริญ,หญิง,186114,2555
117,ตะวันออกเฉียงเหนือ,บึงกาฬ,หญิง,203334,2555
118,ตะวันออกเฉียงเหนือ,หนองบัวลำภู,หญิง,250688,2555
119,ตะวันออกเฉียงเหนือ,ขอนแก่น,หญิง,893255,2555
120,ตะวันออกเฉียงเหนือ,อุดรธานี,หญิง,777633,2555
121,ตะวันออกเฉียงเหนือ,เลย,หญิง,310666,2555
122,ตะวันออกเฉียงเหนือ,หนองคาย,หญิง,255341,2555
123,ตะวันออกเฉียงเหนือ,มหาสารคาม,หญิง,475793,2555
124,ตะวันออกเฉียงเหนือ,ร้อยเอ็ด,หญิง,655038,2555
125,ตะวันออกเฉียงเหนือ,กาฬสินธุ์,หญิง,493520,2555
126,ตะวันออกเฉียงเหนือ,สกลนคร,หญิง,563388,2555
127,ตะวันออกเฉียงเหนือ,นครพนม,หญิง,353855,2555
128,ตะวันออกเฉียงเหนือ,มุกดาหาร,หญิง,170344,2555
129,ใต้,นครศรีธรรมราช,ชาย,759073,2555
130,ใต้,กระบี่,ชาย,220307,2555
131,ใต้,พังงา,ชาย,128262,2555
132,ใต้,ภูเก็ต,ชาย,169068,2555
133,ใต้,สุราษฎร์ธานี,ชาย,502838,2555
134,ใต้,ระนอง,ชาย,94738,2555
135,ใต้,ชุมพร,ชาย,245257,2555
136,ใต้,สงขลา,ชาย,670012,2555
137,ใต้,สตูล,ชาย,151370,2555
138,ใต้,ตรัง,ชาย,308575,2555
139,ใต้,พัทลุง,ชาย,250965,2555
140,ใต้,ปัตตานี,ชาย,329870,2555
141,ใต้,ยะลา,ชาย,246670,2555
142,ใต้,นราธิวาส,ชาย,372679,2555
143,ใต้,นครศรีธรรมราช,หญิง,771406,2555
144,ใต้,กระบี่,หญิง,221196,2555
145,ใต้,พังงา,หญิง,127950,2555
146,ใต้,ภูเก็ต,หญิง,188308,2555
147,ใต้,สุราษฎร์ธานี,หญิง,514838,2555
148,ใต้,ระนอง,หญิง,88510,2555
149,ใต้,ชุมพร,หญิง,248489,2555
150,ใต้,สงขลา,หญิง,702780,2555
151,ใต้,สตูล,หญิง,152304,2555
152,ใต้,ตรัง,หญิง,320739,2555
153,ใต้,พัทลุง,หญิง,261812,2555
154,ใต้,ปัตตานี,หญิง,337680,2555
155,ใต้,ยะลา,หญิง,250620,2555
156,ใต้,นราธิวาส,หญิง,379705,2555
157,ทั่วราชอาณาจักร,ทั่วราชอาณาจักร,ชาย,31773349,2556
158,ทั่วราชอาณาจักร,ทั่วราชอาณาจักร,หญิง,32847953,2556
159,กรุงเทพมหานคร,กรุงเทพมหานคร,ชาย,2692838,2556
160,กรุงเทพมหานคร,กรุงเทพมหานคร,หญิง,2987068,2556
161,กลาง,สมุทรปราการ,ชาย,592860,2556
162,กลาง,นนทบุรี,ชาย,538954,2556
163,กลาง,ปทุมธานี,ชาย,495867,2556
164,กลาง,พระนครศรีอยุธยา,ชาย,383927,2556
165,กลาง,อ่างทอง,ชาย,136219,2556
166,กลาง,ลพบุรี,ชาย,380464,2556
167,กลาง,สิงห์บุรี,ชาย,101564,2556
168,กลาง,ชัยนาท,ชาย,160656,2556
169,กลาง,สระบุรี,ชาย,310611,2556
170,กลาง,ชลบุรี,ชาย,675072,2556
171,กลาง,ระยอง,ชาย,322752,2556
172,กลาง,จันทบุรี,ชาย,257237,2556
173,กลาง,ตราด,ชาย,111507,2556
174,กลาง,ฉะเชิงเทรา,ชาย,337054,2556
175,กลาง,ปราจีนบุรี,ชาย,235386,2556
176,กลาง,นครนายก,ชาย,126594,2556
177,กลาง,สระแก้ว,ชาย,276199,2556
178,กลาง,ราชบุรี,ชาย,413737,2556
179,กลาง,กาญจนบุรี,ชาย,421454,2556
180,กลาง,สุพรรณบุรี,ชาย,410668,2556
181,กลาง,นครปฐม,ชาย,421861,2556
182,กลาง,สมุทรสาคร,ชาย,248445,2556
183,กลาง,สมุทรสงคราม,ชาย,93256,2556
184,กลาง,เพชรบุรี,ชาย,227575,2556
185,กลาง,ประจวบคีรีขันธ์,ชาย,258388,2556
186,กลาง,สมุทรปราการ,หญิง,639597,2556
187,กลาง,นนทบุรี,หญิง,610019,2556
188,กลาง,ปทุมธานี,หญิง,547631,2556
189,กลาง,พระนครศรีอยุธยา,หญิง,411813,2556
190,กลาง,อ่างทอง,หญิง,147588,2556
191,กลาง,ลพบุรี,หญิง,377551,2556
192,กลาง,สิงห์บุรี,หญิง,111389,2556
193,กลาง,ชัยนาท,หญิง,172315,2556
194,กลาง,สระบุรี,หญิง,316841,2556
195,กลาง,ชลบุรี,หญิง,702106,2556
196,กลาง,ระยอง,หญิง,332496,2556
197,กลาง,จันทบุรี,หญิง,265799,2556
198,กลาง,ตราด,หญิง,111926,2556
199,กลาง,ฉะเชิงเทรา,หญิง,350919,2556
200,กลาง,ปราจีนบุรี,หญิง,239583,2556
201,กลาง,นครนายก,หญิง,129035,2556
202,กลาง,สระแก้ว,หญิง,273441,2556
203,กลาง,ราชบุรี,หญิง,434660,2556
204,กลาง,กาญจนบุรี,หญิง,419121,2556
205,กลาง,สุพรรณบุรี,หญิง,437019,2556
206,กลาง,นครปฐม,หญิง,456539,2556
207,กลาง,สมุทรสาคร,หญิง,265690,2556
208,กลาง,สมุทรสงคราม,หญิง,100823,2556
209,กลาง,เพชรบุรี,หญิง,242406,2556
210,กลาง,ประจวบคีรีขันธ์,หญิง,260273,2556
211,เหนือ,เชียงใหม่,ชาย,809240,2556
212,เหนือ,ลำพูน,ชาย,196685,2556
213,เหนือ,ลำปาง,ชาย,372013,2556
214,เหนือ,อุตรดิตถ์,ชาย,227089,2556
215,เหนือ,แพร่,ชาย,222115,2556
216,เหนือ,น่าน,ชาย,240760,2556
217,เหนือ,พะเยา,ชาย,238319,2556
218,เหนือ,เชียงราย,ชาย,591240,2556
219,เหนือ,แม่ฮ่องสอน,ชาย,125676,2556
220,เหนือ,นครสวรรค์,ชาย,525460,2556
221,เหนือ,อุทัยธานี,ชาย,161876,2556
222,เหนือ,กำแพงเพชร,ชาย,361689,2556
223,เหนือ,ตาก,ชาย,267117,2556
224,เหนือ,สุโขทัย,ชาย,293962,2556
225,เหนือ,พิษณุโลก,ชาย,420272,2556
226,เหนือ,พิจิตร,ชาย,268990,2556
227,เหนือ,เพชรบูรณ์,ชาย,493955,2556
228,เหนือ,เชียงใหม่,หญิง,852025,2556
229,เหนือ,ลำพูน,หญิง,208286,2556
230,เหนือ,ลำปาง,หญิง,383824,2556
231,เหนือ,อุตรดิตถ์,หญิง,234055,2556
232,เหนือ,แพร่,หญิง,234726,2556
233,เหนือ,น่าน,หญิง,237033,2556
234,เหนือ,พะเยา,หญิง,249114,2556
235,เหนือ,เชียงราย,หญิง,611302,2556
236,เหนือ,แม่ฮ่องสอน,หญิง,119777,2556
237,เหนือ,นครสวรรค์,หญิง,547785,2556
238,เหนือ,อุทัยธานี,หญิง,167366,2556
239,เหนือ,กำแพงเพชร,หญิง,366404,2556
240,เหนือ,ตาก,หญิง,262082,2556
241,เหนือ,สุโขทัย,หญิง,308695,2556
242,เหนือ,พิษณุโลก,หญิง,435102,2556
243,เหนือ,พิจิตร,หญิง,280136,2556
244,เหนือ,เพชรบูรณ์,หญิง,500095,2556
245,ตะวันออกเฉียงเหนือ,นครราชสีมา,ชาย,1288013,2556
246,ตะวันออกเฉียงเหนือ,บุรีรัมย์,ชาย,783533,2556
247,ตะวันออกเฉียงเหนือ,สุรินทร์,ชาย,693728,2556
248,ตะวันออกเฉียงเหนือ,ศรีสะเกษ,ชาย,730113,2556
249,ตะวันออกเฉียงเหนือ,อุบลราชธานี,ชาย,919090,2556
250,ตะวันออกเฉียงเหนือ,ยโสธร,ชาย,271028,2556
251,ตะวันออกเฉียงเหนือ,ชัยภูมิ,ชาย,564037,2556
252,ตะวันออกเฉียงเหนือ,อำนาจเจริญ,ชาย,187275,2556
253,ตะวันออกเฉียงเหนือ,บึงกาฬ,ชาย,208881,2556
254,ตะวันออกเฉียงเหนือ,หนองบัวลำภู,ชาย,254257,2556
255,ตะวันออกเฉียงเหนือ,ขอนแก่น,ชาย,880476,2556
256,ตะวันออกเฉียงเหนือ,อุดรธานี,ชาย,778838,2556
257,ตะวันออกเฉียงเหนือ,เลย,ชาย,318344,2556
258,ตะวันออกเฉียงเหนือ,หนองคาย,ชาย,256988,2556
259,ตะวันออกเฉียงเหนือ,มหาสารคาม,ชาย,469169,2556
260,ตะวันออกเฉียงเหนือ,ร้อยเอ็ด,ชาย,652774,2556
261,ตะวันออกเฉียงเหนือ,กาฬสินธุ์,ชาย,490346,2556
262,ตะวันออกเฉียงเหนือ,สกลนคร,ชาย,565531,2556
263,ตะวันออกเฉียงเหนือ,นครพนม,ชาย,354268,2556
264,ตะวันออกเฉียงเหนือ,มุกดาหาร,ชาย,172346,2556
265,ตะวันออกเฉียงเหนือ,นครราชสีมา,หญิง,1317653,2556
266,ตะวันออกเฉียงเหนือ,บุรีรัมย์,หญิง,786557,2556
267,ตะวันออกเฉียงเหนือ,สุรินทร์,หญิง,693507,2556
268,ตะวันออกเฉียงเหนือ,ศรีสะเกษ,หญิง,730086,2556
269,ตะวันออกเฉียงเหนือ,อุบลราชธานี,หญิง,912631,2556
270,ตะวันออกเฉียงเหนือ,ยโสธร,หญิง,269298,2556
271,ตะวันออกเฉียงเหนือ,ชัยภูมิ,หญิง,570342,2556
272,ตะวันออกเฉียงเหนือ,อำนาจเจริญ,หญิง,186821,2556
273,ตะวันออกเฉียงเหนือ,บึงกาฬ,หญิง,205544,2556
274,ตะวันออกเฉียงเหนือ,หนองบัวลำภู,หญิง,251847,2556
275,ตะวันออกเฉียงเหนือ,ขอนแก่น,หญิง,897760,2556
276,ตะวันออกเฉียงเหนือ,อุดรธานี,หญิง,781793,2556
277,ตะวันออกเฉียงเหนือ,เลย,หญิง,312653,2556
278,ตะวันออกเฉียงเหนือ,หนองคาย,หญิง,256703,2556
279,ตะวันออกเฉียงเหนือ,มหาสารคาม,หญิง,481228,2556
280,ตะวันออกเฉียงเหนือ,ร้อยเอ็ด,หญิง,655991,2556
281,ตะวันออกเฉียงเหนือ,กาฬสินธุ์,หญิง,494211,2556
282,ตะวันออกเฉียงเหนือ,สกลนคร,หญิง,566218,2556
283,ตะวันออกเฉียงเหนือ,นครพนม,หญิง,355337,2556
284,ตะวันออกเฉียงเหนือ,มุกดาหาร,หญิง,171240,2556
285,ใต้,นครศรีธรรมราช,ชาย,762404,2556
286,ใต้,กระบี่,ชาย,223263,2556
287,ใต้,พังงา,ชาย,129301,2556
288,ใต้,ภูเก็ต,ชาย,172797,2556
289,ใต้,สุราษฎร์ธานี,ชาย,507752,2556
290,ใต้,ระนอง,ชาย,91376,2556
291,ใต้,ชุมพร,ชาย,246696,2556
292,ใต้,สงขลา,ชาย,675616,2556
293,ใต้,สตูล,ชาย,153302,2556
294,ใต้,ตรัง,ชาย,310712,2556
295,ใต้,พัทลุง,ชาย,252457,2556
296,ใต้,ปัตตานี,ชาย,333904,2556
297,ใต้,ยะลา,ชาย,249730,2556
298,ใต้,นราธิวาส,ชาย,377401,2556
299,ใต้,นครศรีธรรมราช,หญิง,775961,2556
300,ใต้,กระบี่,หญิง,224666,2556
301,ใต้,พังงา,หญิง,129136,2556
302,ใต้,ภูเก็ต,หญิง,192417,2556
303,ใต้,สุราษฎร์ธานี,หญิง,519798,2556
304,ใต้,ระนอง,หญิง,87336,2556
305,ใต้,ชุมพร,หญิง,250106,2556
306,ใต้,สงขลา,หญิง,708617,2556
307,ใต้,สตูล,หญิง,154534,2556
308,ใต้,ตรัง,หญิง,323268,2556
309,ใต้,พัทลุง,หญิง,263800,2556
310,ใต้,ปัตตานี,หญิง,341323,2556
311,ใต้,ยะลา,หญิง,253746,2556
312,ใต้,นราธิวาส,หญิง,384370,2556
313,ทั่วราชอาณาจักร,ทั่วราชอาณาจักร,ชาย,31922490,2557
314,ทั่วราชอาณาจักร,ทั่วราชอาณาจักร,หญิง,33032823,2557
315,กรุงเทพมหานคร,กรุงเทพมหานคร,ชาย,2695220,2557
316,กรุงเทพมหานคร,กรุงเทพมหานคร,หญิง,2994048,2557
317,กลาง,สมุทรปราการ,ชาย,601223,2557
318,กลาง,นนทบุรี,ชาย,546068,2557
319,กลาง,ปทุมธานี,ชาย,505435,2557
320,กลาง,พระนครศรีอยุธยา,ชาย,386223,2557
321,กลาง,อ่างทอง,ชาย,136219,2557
322,กลาง,ลพบุรี,ชาย,380423,2557
323,กลาง,สิงห์บุรี,ชาย,101283,2557
324,กลาง,ชัยนาท,ชาย,160422,2557
325,กลาง,สระบุรี,ชาย,312330,2557
326,กลาง,ชลบุรี,ชาย,688718,2557
327,กลาง,ระยอง,ชาย,328944,2557
328,กลาง,จันทบุรี,ชาย,258412,2557
329,กลาง,ตราด,ชาย,111917,2557
330,กลาง,ฉะเชิงเทรา,ชาย,339545,2557
331,กลาง,ปราจีนบุรี,ชาย,236623,2557
332,กลาง,นครนายก,ชาย,127170,2557
333,กลาง,สระแก้ว,ชาย,277128,2557
334,กลาง,ราชบุรี,ชาย,415147,2557
335,กลาง,กาญจนบุรี,ชาย,423787,2557
336,กลาง,สุพรรณบุรี,ชาย,410906,2557
337,กลาง,นครปฐม,ชาย,425851,2557
338,กลาง,สมุทรสาคร,ชาย,253970,2557
339,กลาง,สมุทรสงคราม,ชาย,93306,2557
340,กลาง,เพชรบุรี,ชาย,228782,2557
341,กลาง,ประจวบคีรีขันธ์,ชาย,259635,2557
342,กลาง,สมุทรปราการ,หญิง,650347,2557
343,กลาง,นนทบุรี,หญิง,619002,2557
344,กลาง,ปทุมธานี,หญิง,558173,2557
345,กลาง,พระนครศรีอยุธยา,หญิง,414562,2557
346,กลาง,อ่างทอง,หญิง,147431,2557
347,กลาง,ลพบุรี,หญิง,377765,2557
348,กลาง,สิงห์บุรี,หญิง,111141,2557
349,กลาง,ชัยนาท,หญิง,172104,2557
350,กลาง,สระบุรี,หญิง,319009,2557
351,กลาง,ชลบุรี,หญิง,717171,2557
352,กลาง,ระยอง,หญิง,338863,2557
353,กลาง,จันทบุรี,หญิง,267393,2557
354,กลาง,ตราด,หญิง,112453,2557
355,กลาง,ฉะเชิงเทรา,หญิง,353307,2557
356,กลาง,ปราจีนบุรี,หญิง,241117,2557
357,กลาง,นครนายก,หญิง,129522,2557
358,กลาง,สระแก้ว,หญิง,274434,2557
359,กลาง,ราชบุรี,หญิง,436543,2557
360,กลาง,กาญจนบุรี,หญิง,421753,2557
361,กลาง,สุพรรณบุรี,หญิง,437653,2557
362,กลาง,นครปฐม,หญิง,460777,2557
363,กลาง,สมุทรสาคร,หญิง,271702,2557
364,กลาง,สมุทรสงคราม,หญิง,100847,2557
365,กลาง,เพชรบุรี,หญิง,243857,2557
366,กลาง,ประจวบคีรีขันธ์,หญิง,263054,2557
367,เหนือ,เชียงใหม่,ชาย,814190,2557
368,เหนือ,ลำพูน,ชาย,196751,2557
369,เหนือ,ลำปาง,ชาย,370544,2557
370,เหนือ,อุตรดิตถ์,ชาย,226574,2557
371,เหนือ,แพร่,ชาย,221047,2557
372,เหนือ,น่าน,ชาย,240718,2557
373,เหนือ,พะเยา,ชาย,237331,2557
374,เหนือ,เชียงราย,ชาย,592713,2557
375,เหนือ,แม่ฮ่องสอน,ชาย,126522,2557
376,เหนือ,นครสวรรค์,ชาย,525249,2557
377,เหนือ,อุทัยธานี,ชาย,162141,2557
378,เหนือ,กำแพงเพชร,ชาย,362042,2557
379,เหนือ,ตาก,ชาย,270503,2557
380,เหนือ,สุโขทัย,ชาย,293860,2557
381,เหนือ,พิษณุโลก,ชาย,421145,2557
382,เหนือ,พิจิตร,ชาย,268444,2557
383,เหนือ,เพชรบูรณ์,ชาย,494051,2557
384,เหนือ,เชียงใหม่,หญิง,858396,2557
385,เหนือ,ลำพูน,หญิง,208617,2557
386,เหนือ,ลำปาง,หญิง,383393,2557
387,เหนือ,อุตรดิตถ์,หญิง,234124,2557
388,เหนือ,แพร่,หญิง,234032,2557
389,เหนือ,น่าน,หญิง,237370,2557
390,เหนือ,พะเยา,หญิง,248268,2557
391,เหนือ,เชียงราย,หญิง,613466,2557
392,เหนือ,แม่ฮ่องสอน,หญิง,120842,2557
393,เหนือ,นครสวรรค์,หญิง,547700,2557
394,เหนือ,อุทัยธานี,หญิง,167717,2557
395,เหนือ,กำแพงเพชร,หญิง,367034,2557
396,เหนือ,ตาก,หญิง,265450,2557
397,เหนือ,สุโขทัย,หญิง,308727,2557
398,เหนือ,พิษณุโลก,หญิง,436537,2557
399,เหนือ,พิจิตร,หญิง,279755,2557
400,เหนือ,เพชรบูรณ์,หญิง,501051,2557
401,ตะวันออกเฉียงเหนือ,นครราชสีมา,ชาย,1292424,2557
402,ตะวันออกเฉียงเหนือ,บุรีรัมย์,ชาย,786533,2557
403,ตะวันออกเฉียงเหนือ,สุรินทร์,ชาย,694864,2557
404,ตะวันออกเฉียงเหนือ,ศรีสะเกษ,ชาย,731658,2557
405,ตะวันออกเฉียงเหนือ,อุบลราชธานี,ชาย,923502,2557
406,ตะวันออกเฉียงเหนือ,ยโสธร,ชาย,271122,2557
407,ตะวันออกเฉียงเหนือ,ชัยภูมิ,ชาย,564981,2557
408,ตะวันออกเฉียงเหนือ,อำนาจเจริญ,ชาย,187631,2557
409,ตะวันออกเฉียงเหนือ,บึงกาฬ,ชาย,210426,2557
410,ตะวันออกเฉียงเหนือ,หนองบัวลำภู,ชาย,255136,2557
411,ตะวันออกเฉียงเหนือ,ขอนแก่น,ชาย,883206,2557
412,ตะวันออกเฉียงเหนือ,อุดรธานี,ชาย,781765,2557
413,ตะวันออกเฉียงเหนือ,เลย,ชาย,319397,2557
414,ตะวันออกเฉียงเหนือ,หนองคาย,ชาย,258121,2557
415,ตะวันออกเฉียงเหนือ,มหาสารคาม,ชาย,471662,2557
416,ตะวันออกเฉียงเหนือ,ร้อยเอ็ด,ชาย,652832,2557
417,ตะวันออกเฉียงเหนือ,กาฬสินธุ์,ชาย,490329,2557
418,ตะวันออกเฉียงเหนือ,สกลนคร,ชาย,567914,2557
419,ตะวันออกเฉียงเหนือ,นครพนม,ชาย,355526,2557
420,ตะวันออกเฉียงเหนือ,มุกดาหาร,ชาย,173097,2557
421,ตะวันออกเฉียงเหนือ,นครราชสีมา,หญิง,1322917,2557
422,ตะวันออกเฉียงเหนือ,บุรีรัมย์,หญิง,789810,2557
423,ตะวันออกเฉียงเหนือ,สุรินทร์,หญิง,695051,2557
424,ตะวันออกเฉียงเหนือ,ศรีสะเกษ,หญิง,731962,2557
425,ตะวันออกเฉียงเหนือ,อุบลราชธานี,หญิง,917094,2557
426,ตะวันออกเฉียงเหนือ,ยโสธร,หญิง,269175,2557
427,ตะวันออกเฉียงเหนือ,ชัยภูมิ,หญิง,571405,2557
428,ตะวันออกเฉียงเหนือ,อำนาจเจริญ,หญิง,187408,2557
429,ตะวันออกเฉียงเหนือ,บึงกาฬ,หญิง,206975,2557
430,ตะวันออกเฉียงเหนือ,หนองบัวลำภู,หญิง,252865,2557
431,ตะวันออกเฉียงเหนือ,ขอนแก่น,หญิง,902646,2557
432,ตะวันออกเฉียงเหนือ,อุดรธานี,หญิง,785367,2557
433,ตะวันออกเฉียงเหนือ,เลย,หญิง,313962,2557
434,ตะวันออกเฉียงเหนือ,หนองคาย,หญิง,257981,2557
435,ตะวันออกเฉียงเหนือ,มหาสารคาม,หญิง,486454,2557
436,ตะวันออกเฉียงเหนือ,ร้อยเอ็ด,หญิง,655806,2557
437,ตะวันออกเฉียงเหนือ,กาฬสินธุ์,หญิง,494140,2557
438,ตะวันออกเฉียงเหนือ,สกลนคร,หญิง,568552,2557
439,ตะวันออกเฉียงเหนือ,นครพนม,หญิง,356574,2557
440,ตะวันออกเฉียงเหนือ,มุกดาหาร,หญิง,172062,2557
441,ใต้,นครศรีธรรมราช,ชาย,765283,2557
442,ใต้,กระบี่,ชาย,226015,2557
443,ใต้,พังงา,ชาย,130188,2557
444,ใต้,ภูเก็ต,ชาย,177024,2557
445,ใต้,สุราษฎร์ธานี,ชาย,512057,2557
446,ใต้,ระนอง,ชาย,89122,2557
447,ใต้,ชุมพร,ชาย,247893,2557
448,ใต้,สงขลา,ชาย,681340,2557
449,ใต้,สตูล,ชาย,154879,2557
450,ใต้,ตรัง,ชาย,312253,2557
451,ใต้,พัทลุง,ชาย,253818,2557
452,ใต้,ปัตตานี,ชาย,337785,2557
453,ใต้,ยะลา,ชาย,252539,2557
454,ใต้,นราธิวาส,ชาย,381656,2557
455,ใต้,นครศรีธรรมราช,หญิง,779652,2557
456,ใต้,กระบี่,หญิง,227835,2557
457,ใต้,พังงา,หญิง,130207,2557
458,ใต้,ภูเก็ต,หญิง,196919,2557
459,ใต้,สุราษฎร์ธานี,หญิง,523964,2557
460,ใต้,ระนอง,หญิง,86810,2557
461,ใต้,ชุมพร,หญิง,251541,2557
462,ใต้,สงขลา,หญิง,714257,2557
463,ใต้,สตูล,หญิง,156354,2557
464,ใต้,ตรัง,หญิง,325141,2557
465,ใต้,พัทลุง,หญิง,265402,2557
466,ใต้,ปัตตานี,หญิง,344727,2557
467,ใต้,ยะลา,หญิง,256485,2557
468,ใต้,นราธิวาส,หญิง,388816,2557
469,ทั่วราชอาณาจักร,ทั่วราชอาณาจักร,ชาย,31932092,2558
470,ทั่วราชอาณาจักร,ทั่วราชอาณาจักร,หญิง,33095309,2558
471,กรุงเทพมหานคร,กรุงเทพมหานคร,ชาย,2670160,2558
472,กรุงเทพมหานคร,กรุงเทพมหานคร,หญิง,2978818,2558
473,กลาง,สมุทรปราการ,ชาย,606228,2558
474,กลาง,นนทบุรี,ชาย,552535,2558
475,กลาง,ปทุมธานี,ชาย,513376,2558
476,กลาง,พระนครศรีอยุธยา,ชาย,388033,2558
477,กลาง,อ่างทอง,ชาย,135975,2558
478,กลาง,ลพบุรี,ชาย,380256,2558
479,กลาง,สิงห์บุรี,ชาย,100946,2558
480,กลาง,ชัยนาท,ชาย,160008,2558
481,กลาง,สระบุรี,ชาย,312598,2558
482,กลาง,ชลบุรี,ชาย,700223,2558
483,กลาง,ระยอง,ชาย,334471,2558
484,กลาง,จันทบุรี,ชาย,259215,2558
485,กลาง,ตราด,ชาย,110565,2558
486,กลาง,ฉะเชิงเทรา,ชาย,341673,2558
487,กลาง,ปราจีนบุรี,ชาย,237812,2558
488,กลาง,นครนายก,ชาย,127635,2558
489,กลาง,สระแก้ว,ชาย,277813,2558
490,กลาง,ราชบุรี,ชาย,413162,2558
491,กลาง,กาญจนบุรี,ชาย,414756,2558
492,กลาง,สุพรรณบุรี,ชาย,410642,2558
493,กลาง,นครปฐม,ชาย,428249,2558
494,กลาง,สมุทรสาคร,ชาย,254454,2558
495,กลาง,สมุทรสงคราม,ชาย,93015,2558
496,กลาง,เพชรบุรี,ชาย,229601,2558
497,กลาง,ประจวบคีรีขันธ์,ชาย,259675,2558
498,กลาง,สมุทรปราการ,หญิง,657676,2558
499,กลาง,นนทบุรี,หญิง,627643,2558
500,กลาง,ปทุมธานี,หญิง,567650,2558
501,กลาง,พระนครศรีอยุธยา,หญิง,417091,2558
502,กลาง,อ่างทอง,หญิง,147230,2558
503,กลาง,ลพบุรี,หญิง,377790,2558
504,กลาง,สิงห์บุรี,หญิง,110721,2558
505,กลาง,ชัยนาท,หญิง,171808,2558
506,กลาง,สระบุรี,หญิง,319960,2558
507,กลาง,ชลบุรี,หญิง,730881,2558
508,กลาง,ระยอง,หญิง,344926,2558
509,กลาง,จันทบุรี,หญิง,268819,2558
510,กลาง,ตราด,หญิง,111259,2558
511,กลาง,ฉะเชิงเทรา,หญิง,355164,2558
512,กลาง,ปราจีนบุรี,หญิง,242643,2558
513,กลาง,นครนายก,หญิง,129976,2558
514,กลาง,สระแก้ว,หญิง,275313,2558
515,กลาง,ราชบุรี,หญิง,435611,2558
516,กลาง,กาญจนบุรี,หญิง,413176,2558
517,กลาง,สุพรรณบุรี,หญิง,437759,2558
518,กลาง,นครปฐม,หญิง,463663,2558
519,กลาง,สมุทรสาคร,หญิง,273272,2558
520,กลาง,สมุทรสงคราม,หญิง,100599,2558
521,กลาง,เพชรบุรี,หญิง,245075,2558
522,กลาง,ประจวบคีรีขันธ์,หญิง,264945,2558
523,เหนือ,เชียงใหม่,ชาย,795640,2558
524,เหนือ,ลำพูน,ชาย,196307,2558
525,เหนือ,ลำปาง,ชาย,368745,2558
526,เหนือ,อุตรดิตถ์,ชาย,225829,2558
527,เหนือ,แพร่,ชาย,219741,2558
528,เหนือ,น่าน,ชาย,240647,2558
529,เหนือ,พะเยา,ชาย,235762,2558
530,เหนือ,เชียงราย,ชาย,581846,2558
531,เหนือ,แม่ฮ่องสอน,ชาย,122296,2558
532,เหนือ,นครสวรรค์,ชาย,524389,2558
533,เหนือ,อุทัยธานี,ชาย,162300,2558
534,เหนือ,กำแพงเพชร,ชาย,362001,2558
535,เหนือ,ตาก,ชาย,267904,2558
536,เหนือ,สุโขทัย,ชาย,293306,2558
537,เหนือ,พิษณุโลก,ชาย,421955,2558
538,เหนือ,พิจิตร,ชาย,267563,2558
539,เหนือ,เพชรบูรณ์,ชาย,493809,2558
540,เหนือ,เชียงใหม่,หญิง,843341,2558
541,เหนือ,ลำพูน,หญิง,208626,2558
542,เหนือ,ลำปาง,หญิง,382626,2558
543,เหนือ,อุตรดิตถ์,หญิง,233753,2558
544,เหนือ,แพร่,หญิง,233217,2558
545,เหนือ,น่าน,หญิง,237356,2558
546,เหนือ,พะเยา,หญิง,246812,2558
547,เหนือ,เชียงราย,หญิง,602032,2558
548,เหนือ,แม่ฮ่องสอน,หญิง,117003,2558
549,เหนือ,นครสวรรค์,หญิง,547078,2558
550,เหนือ,อุทัยธานี,หญิง,168011,2558
551,เหนือ,กำแพงเพชร,หญิง,367295,2558
552,เหนือ,ตาก,หญิง,263645,2558
553,เหนือ,สุโขทัย,หญิง,308485,2558
554,เหนือ,พิษณุโลก,หญิง,438604,2558
555,เหนือ,พิจิตร,หญิง,278923,2558
556,เหนือ,เพชรบูรณ์,หญิง,501574,2558
557,ตะวันออกเฉียงเหนือ,นครราชสีมา,ชาย,1295595,2558
558,ตะวันออกเฉียงเหนือ,บุรีรัมย์,ชาย,788554,2558
559,ตะวันออกเฉียงเหนือ,สุรินทร์,ชาย,696265,2558
560,ตะวันออกเฉียงเหนือ,ศรีสะเกษ,ชาย,732699,2558
561,ตะวันออกเฉียงเหนือ,อุบลราชธานี,ชาย,926468,2558
562,ตะวันออกเฉียงเหนือ,ยโสธร,ชาย,271071,2558
563,ตะวันออกเฉียงเหนือ,ชัยภูมิ,ชาย,565173,2558
564,ตะวันออกเฉียงเหนือ,อำนาจเจริญ,ชาย,187764,2558
565,ตะวันออกเฉียงเหนือ,บึงกาฬ,ชาย,211429,2558
566,ตะวันออกเฉียงเหนือ,หนองบัวลำภู,ชาย,255550,2558
567,ตะวันออกเฉียงเหนือ,ขอนแก่น,ชาย,885746,2558
568,ตะวันออกเฉียงเหนือ,อุดรธานี,ชาย,782471,2558
569,ตะวันออกเฉียงเหนือ,เลย,ชาย,320026,2558
570,ตะวันออกเฉียงเหนือ,หนองคาย,ชาย,258105,2558
571,ตะวันออกเฉียงเหนือ,มหาสารคาม,ชาย,472929,2558
572,ตะวันออกเฉียงเหนือ,ร้อยเอ็ด,ชาย,652100,2558
573,ตะวันออกเฉียงเหนือ,กาฬสินธุ์,ชาย,490103,2558
574,ตะวันออกเฉียงเหนือ,สกลนคร,ชาย,569671,2558
575,ตะวันออกเฉียงเหนือ,นครพนม,ชาย,356195,2558
576,ตะวันออกเฉียงเหนือ,มุกดาหาร,ชาย,173548,2558
577,ตะวันออกเฉียงเหนือ,นครราชสีมา,หญิง,1327413,2558
578,ตะวันออกเฉียงเหนือ,บุรีรัมย์,หญิง,792644,2558
579,ตะวันออกเฉียงเหนือ,สุรินทร์,หญิง,696569,2558
580,ตะวันออกเฉียงเหนือ,ศรีสะเกษ,หญิง,733797,2558
581,ตะวันออกเฉียงเหนือ,อุบลราชธานี,หญิง,920851,2558
582,ตะวันออกเฉียงเหนือ,ยโสธร,หญิง,269000,2558
583,ตะวันออกเฉียงเหนือ,ชัยภูมิ,หญิง,572065,2558
584,ตะวันออกเฉียงเหนือ,อำนาจเจริญ,หญิง,187736,2558
585,ตะวันออกเฉียงเหนือ,บึงกาฬ,หญิง,207899,2558
586,ตะวันออกเฉียงเหนือ,หนองบัวลำภู,หญิง,253733,2558
587,ตะวันออกเฉียงเหนือ,ขอนแก่น,หญิง,906971,2558
588,ตะวันออกเฉียงเหนือ,อุดรธานี,หญิง,787881,2558
589,ตะวันออกเฉียงเหนือ,เลย,หญิง,314649,2558
590,ตะวันออกเฉียงเหนือ,หนองคาย,หญิง,258269,2558
591,ตะวันออกเฉียงเหนือ,มหาสารคาม,หญิง,489428,2558
592,ตะวันออกเฉียงเหนือ,ร้อยเอ็ด,หญิง,655726,2558
593,ตะวันออกเฉียงเหนือ,กาฬสินธุ์,หญิง,494647,2558
594,ตะวันออกเฉียงเหนือ,สกลนคร,หญิง,570601,2558
595,ตะวันออกเฉียงเหนือ,นครพนม,หญิง,357351,2558
596,ตะวันออกเฉียงเหนือ,มุกดาหาร,หญิง,172731,2558
597,ใต้,นครศรีธรรมราช,ชาย,767221,2558
598,ใต้,กระบี่,ชาย,228303,2558
599,ใต้,พังงา,ชาย,130500,2558
600,ใต้,ภูเก็ต,ชาย,178901,2558
601,ใต้,สุราษฎร์ธานี,ชาย,514522,2558
602,ใต้,ระนอง,ชาย,88865,2558
603,ใต้,ชุมพร,ชาย,248718,2558
604,ใต้,สงขลา,ชาย,684272,2558
605,ใต้,สตูล,ชาย,156307,2558
606,ใต้,ตรัง,ชาย,313046,2558
607,ใต้,พัทลุง,ชาย,254781,2558
608,ใต้,ปัตตานี,ชาย,341462,2558
609,ใต้,ยะลา,ชาย,255211,2558
610,ใต้,นราธิวาส,ชาย,385405,2558
611,ใต้,นครศรีธรรมราช,หญิง,781942,2558
612,ใต้,กระบี่,หญิง,230465,2558
613,ใต้,พังงา,หญิง,130767,2558
614,ใต้,ภูเก็ต,หญิง,199452,2558
615,ใต้,สุราษฎร์ธานี,หญิง,526866,2558
616,ใต้,ระนอง,หญิง,86854,2558
617,ใต้,ชุมพร,หญิง,252658,2558
618,ใต้,สงขลา,หญิง,717886,2558
619,ใต้,สตูล,หญิง,157792,2558
620,ใต้,ตรัง,หญิง,326175,2558
621,ใต้,พัทลุง,หญิง,266639,2558
622,ใต้,ปัตตานี,หญิง,347952,2558
623,ใต้,ยะลา,หญิง,259137,2558
624,ใต้,นราธิวาส,หญิง,392914,2558
625,ทั่วราชอาณาจักร,ทั่วราชอาณาจักร,ชาย,31894480,2559
626,ทั่วราชอาณาจักร,ทั่วราชอาณาจักร,หญิง,33119015,2559
627,กรุงเทพมหานคร,กรุงเทพมหานคร,ชาย,2640115,2559
628,กรุงเทพมหานคร,กรุงเทพมหานคร,หญิง,2958758,2559
629,กลาง,สมุทรปราการ,ชาย,609357,2559
630,กลาง,นนทบุรี,ชาย,558777,2559
631,กลาง,ปทุมธานี,ชาย,520213,2559
632,กลาง,พระนครศรีอยุธยา,ชาย,388974,2559
633,กลาง,อ่างทอง,ชาย,135496,2559
634,กลาง,ลพบุรี,ชาย,379566,2559
635,กลาง,สิงห์บุรี,ชาย,100471,2559
636,กลาง,ชัยนาท,ชาย,159355,2559
637,กลาง,สระบุรี,ชาย,312329,2559
638,กลาง,ชลบุรี,ชาย,711032,2559
639,กลาง,ระยอง,ชาย,338986,2559
640,กลาง,จันทบุรี,ชาย,259582,2559
641,กลาง,ตราด,ชาย,109032,2559
642,กลาง,ฉะเชิงเทรา,ชาย,342986,2559
643,กลาง,ปราจีนบุรี,ชาย,238973,2559
644,กลาง,นครนายก,ชาย,127561,2559
645,กลาง,สระแก้ว,ชาย,278559,2559
646,กลาง,ราชบุรี,ชาย,411004,2559
647,กลาง,กาญจนบุรี,ชาย,404831,2559
648,กลาง,สุพรรณบุรี,ชาย,409845,2559
649,กลาง,นครปฐม,ชาย,429285,2559
650,กลาง,สมุทรสาคร,ชาย,253397,2559
651,กลาง,สมุทรสงคราม,ชาย,92563,2559
652,กลาง,เพชรบุรี,ชาย,230172,2559
653,กลาง,ประจวบคีรีขันธ์,ชาย,259712,2559
654,กลาง,สมุทรปราการ,หญิง,663090,2559
655,กลาง,นนทบุรี,หญิง,636441,2559
656,กลาง,ปทุมธานี,หญิง,575837,2559
657,กลาง,พระนครศรีอยุธยา,หญิง,418632,2559
658,กลาง,อ่างทอง,หญิง,146952,2559
659,กลาง,ลพบุรี,หญิง,377414,2559
660,กลาง,สิงห์บุรี,หญิง,110277,2559
661,กลาง,ชัยนาท,หญิง,171377,2559
662,กลาง,สระบุรี,หญิง,320469,2559
663,กลาง,ชลบุรี,หญิง,743027,2559
664,กลาง,ระยอง,หญิง,350687,2559
665,กลาง,จันทบุรี,หญิง,269749,2559
666,กลาง,ตราด,หญิง,109891,2559
667,กลาง,ฉะเชิงเทรา,หญิง,356816,2559
668,กลาง,ปราจีนบุรี,หญิง,243914,2559
669,กลาง,นครนายก,หญิง,130196,2559
670,กลาง,สระแก้ว,หญิง,276494,2559
671,กลาง,ราชบุรี,หญิง,434101,2559
672,กลาง,กาญจนบุรี,หญิง,403838,2559
673,กลาง,สุพรรณบุรี,หญิง,437287,2559
674,กลาง,นครปฐม,หญิง,465783,2559
675,กลาง,สมุทรสาคร,หญิง,273266,2559
676,กลาง,สมุทรสงคราม,หญิง,100243,2559
677,กลาง,เพชรบุรี,หญิง,245898,2559
678,กลาง,ประจวบคีรีขันธ์,หญิง,266555,2559
679,เหนือ,เชียงใหม่,ชาย,775599,2559
680,เหนือ,ลำพูน,ชาย,195568,2559
681,เหนือ,ลำปาง,ชาย,366603,2559
682,เหนือ,อุตรดิตถ์,ชาย,224973,2559
683,เหนือ,แพร่,ชาย,218359,2559
684,เหนือ,น่าน,ชาย,240516,2559
685,เหนือ,พะเยา,ชาย,234034,2559
686,เหนือ,เชียงราย,ชาย,571020,2559
687,เหนือ,แม่ฮ่องสอน,ชาย,118069,2559
688,เหนือ,นครสวรรค์,ชาย,521971,2559
689,เหนือ,อุทัยธานี,ชาย,162167,2559
690,เหนือ,กำแพงเพชร,ชาย,361549,2559
691,เหนือ,ตาก,ชาย,265118,2559
692,เหนือ,สุโขทัย,ชาย,292395,2559
693,เหนือ,พิษณุโลก,ชาย,422737,2559
694,เหนือ,พิจิตร,ชาย,266371,2559
695,เหนือ,เพชรบูรณ์,ชาย,492703,2559
696,เหนือ,เชียงใหม่,หญิง,827100,2559
697,เหนือ,ลำพูน,หญิง,208528,2559
698,เหนือ,ลำปาง,หญิง,381410,2559
699,เหนือ,อุตรดิตถ์,หญิง,233003,2559
700,เหนือ,แพร่,หญิง,232206,2559
701,เหนือ,น่าน,หญิง,237422,2559
702,เหนือ,พะเยา,หญิง,244849,2559
703,เหนือ,เชียงราย,หญิง,591077,2559
704,เหนือ,แม่ฮ่องสอน,หญิง,113123,2559
705,เหนือ,นครสวรรค์,หญิง,545460,2559
706,เหนือ,อุทัยธานี,หญิง,167981,2559
707,เหนือ,กำแพงเพชร,หญิง,367169,2559
708,เหนือ,ตาก,หญิง,261440,2559
709,เหนือ,สุโขทัย,หญิง,307967,2559
710,เหนือ,พิษณุโลก,หญิง,440562,2559
711,เหนือ,พิจิตร,หญิง,277812,2559
712,เหนือ,เพชรบูรณ์,หญิง,501439,2559
713,ตะวันออกเฉียงเหนือ,นครราชสีมา,ชาย,1296014,2559
714,ตะวันออกเฉียงเหนือ,บุรีรัมย์,ชาย,789844,2559
715,ตะวันออกเฉียงเหนือ,สุรินทร์,ชาย,696564,2559
716,ตะวันออกเฉียงเหนือ,ศรีสะเกษ,ชาย,733507,2559
717,ตะวันออกเฉียงเหนือ,อุบลราชธานี,ชาย,928685,2559
718,ตะวันออกเฉียงเหนือ,ยโสธร,ชาย,270794,2559
719,ตะวันออกเฉียงเหนือ,ชัยภูมิ,ชาย,564757,2559
720,ตะวันออกเฉียงเหนือ,อำนาจเจริญ,ชาย,187917,2559
721,ตะวันออกเฉียงเหนือ,บึงกาฬ,ชาย,211985,2559
722,ตะวันออกเฉียงเหนือ,หนองบัวลำภู,ชาย,255603,2559
723,ตะวันออกเฉียงเหนือ,ขอนแก่น,ชาย,886957,2559
724,ตะวันออกเฉียงเหนือ,อุดรธานี,ชาย,782313,2559
725,ตะวันออกเฉียงเหนือ,เลย,ชาย,320225,2559
726,ตะวันออกเฉียงเหนือ,หนองคาย,ชาย,257640,2559
727,ตะวันออกเฉียงเหนือ,มหาสารคาม,ชาย,473003,2559
728,ตะวันออกเฉียงเหนือ,ร้อยเอ็ด,ชาย,651327,2559
729,ตะวันออกเฉียงเหนือ,กาฬสินธุ์,ชาย,489384,2559
730,ตะวันออกเฉียงเหนือ,สกลนคร,ชาย,570933,2559
731,ตะวันออกเฉียงเหนือ,นครพนม,ชาย,356696,2559
732,ตะวันออกเฉียงเหนือ,มุกดาหาร,ชาย,173982,2559
733,ตะวันออกเฉียงเหนือ,นครราชสีมา,หญิง,1330676,2559
734,ตะวันออกเฉียงเหนือ,บุรีรัมย์,หญิง,794901,2559
735,ตะวันออกเฉียงเหนือ,สุรินทร์,หญิง,697699,2559
736,ตะวันออกเฉียงเหนือ,ศรีสะเกษ,หญิง,735039,2559
737,ตะวันออกเฉียงเหนือ,อุบลราชธานี,หญิง,924033,2559
738,ตะวันออกเฉียงเหนือ,ยโสธร,หญิง,268948,2559
739,ตะวันออกเฉียงเหนือ,ชัยภูมิ,หญิง,572619,2559
740,ตะวันออกเฉียงเหนือ,อำนาจเจริญ,หญิง,188070,2559
741,ตะวันออกเฉียงเหนือ,บึงกาฬ,หญิง,208586,2559
742,ตะวันออกเฉียงเหนือ,หนองบัวลำภู,หญิง,254410,2559
743,ตะวันออกเฉียงเหนือ,ขอนแก่น,หญิง,910279,2559
744,ตะวันออกเฉียงเหนือ,อุดรธานี,หญิง,789569,2559
745,ตะวันออกเฉียงเหนือ,เลย,หญิง,315116,2559
746,ตะวันออกเฉียงเหนือ,หนองคาย,หญิง,258205,2559
747,ตะวันออกเฉียงเหนือ,มหาสารคาม,หญิง,490554,2559
748,ตะวันออกเฉียงเหนือ,ร้อยเอ็ด,หญิง,655871,2559
749,ตะวันออกเฉียงเหนือ,กาฬสินธุ์,หญิง,495195,2559
750,ตะวันออกเฉียงเหนือ,สกลนคร,หญิง,572581,2559
751,ตะวันออกเฉียงเหนือ,นครพนม,หญิง,357808,2559
752,ตะวันออกเฉียงเหนือ,มุกดาหาร,หญิง,173136,2559
753,ใต้,นครศรีธรรมราช,ชาย,768088,2559
754,ใต้,กระบี่,ชาย,229899,2559
755,ใต้,พังงา,ชาย,130561,2559
756,ใต้,ภูเก็ต,ชาย,180007,2559
757,ใต้,สุราษฎร์ธานี,ชาย,515488,2559
758,ใต้,ระนอง,ชาย,88477,2559
759,ใต้,ชุมพร,ชาย,249310,2559
760,ใต้,สงขลา,ชาย,685715,2559
761,ใต้,สตูล,ชาย,157338,2559
762,ใต้,ตรัง,ชาย,313423,2559
763,ใต้,พัทลุง,ชาย,255269,2559
764,ใต้,ปัตตานี,ชาย,344727,2559
765,ใต้,ยะลา,ชาย,257550,2559
766,ใต้,นราธิวาส,ชาย,388573,2559
767,ใต้,นครศรีธรรมราช,หญิง,783060,2559
768,ใต้,กระบี่,หญิง,232633,2559
769,ใต้,พังงา,หญิง,131108,2559
770,ใต้,ภูเก็ต,หญิง,201537,2559
771,ใต้,สุราษฎร์ธานี,หญิง,528715,2559
772,ใต้,ระนอง,หญิง,86644,2559
773,ใต้,ชุมพร,หญิง,253556,2559
774,ใต้,สงขลา,หญิง,720372,2559
775,ใต้,สตูล,หญิง,159002,2559
776,ใต้,ตรัง,หญิง,326682,2559
777,ใต้,พัทลุง,หญิง,267643,2559
778,ใต้,ปัตตานี,หญิง,351341,2559
779,ใต้,ยะลา,หญิง,261309,2559
780,ใต้,นราธิวาส,หญิง,396578,2559
781,ทั่วราชอาณาจักร,ทั่วราชอาณาจักร,ชาย,31966108,2560
782,ทั่วราชอาณาจักร,ทั่วราชอาณาจักร,หญิง,33238689,2560
783,กรุงเทพมหานคร,กรุงเทพมหานคร,ชาย,2631290,2560
784,กรุงเทพมหานคร,กรุงเทพมหานคร,หญิง,2955030,2560
785,กลาง,สมุทรปราการ,ชาย,615192,2560
786,กลาง,นนทบุรี,ชาย,566033,2560
787,กลาง,ปทุมธานี,ชาย,527747,2560
788,กลาง,พระนครศรีอยุธยา,ชาย,390226,2560
789,กลาง,อ่างทอง,ชาย,134947,2560
790,กลาง,ลพบุรี,ชาย,379048,2560
791,กลาง,สิงห์บุรี,ชาย,100105,2560
792,กลาง,ชัยนาท,ชาย,158798,2560
793,กลาง,สระบุรี,ชาย,312978,2560
794,กลาง,ชลบุรี,ชาย,723098,2560
795,กลาง,ระยอง,ชาย,343793,2560
796,กลาง,จันทบุรี,ชาย,260126,2560
797,กลาง,ตราด,ชาย,109078,2560
798,กลาง,ฉะเชิงเทรา,ชาย,344905,2560
799,กลาง,ปราจีนบุรี,ชาย,240260,2560
800,กลาง,นครนายก,ชาย,127549,2560
801,กลาง,สระแก้ว,ชาย,279535,2560
802,กลาง,ราชบุรี,ชาย,411613,2560
803,กลาง,กาญจนบุรี,ชาย,405750,2560
804,กลาง,สุพรรณบุรี,ชาย,410175,2560
805,กลาง,นครปฐม,ชาย,431354,2560
806,กลาง,สมุทรสาคร,ชาย,256412,2560
807,กลาง,สมุทรสงคราม,ชาย,92330,2560
808,กลาง,เพชรบุรี,ชาย,230987,2560
809,กลาง,ประจวบคีรีขันธ์,ชาย,261441,2560
810,กลาง,สมุทรปราการ,หญิง,670958,2560
811,กลาง,นนทบุรี,หญิง,646316,2560
812,กลาง,ปทุมธานี,หญิง,584766,2560
813,กลาง,พระนครศรีอยุธยา,หญิง,420006,2560
814,กลาง,อ่างทอง,หญิง,146485,2560
815,กลาง,ลพบุรี,หญิง,377118,2560
816,กลาง,สิงห์บุรี,หญิง,109958,2560
817,กลาง,ชัยนาท,หญิง,170952,2560
818,กลาง,สระบุรี,หญิง,321889,2560
819,กลาง,ชลบุรี,หญิง,756303,2560
820,กลาง,ระยอง,หญิง,356276,2560
821,กลาง,จันทบุรี,หญิง,270689,2560
822,กลาง,ตราด,หญิง,110175,2560
823,กลาง,ฉะเชิงเทรา,หญิง,359063,2560
824,กลาง,ปราจีนบุรี,หญิง,245233,2560
825,กลาง,นครนายก,หญิง,130470,2560
826,กลาง,สระแก้ว,หญิง,277839,2560
827,กลาง,ราชบุรี,หญิง,434716,2560
828,กลาง,กาญจนบุรี,หญิง,405126,2560
829,กลาง,สุพรรณบุรี,หญิง,437961,2560
830,กลาง,นครปฐม,หญิง,468736,2560
831,กลาง,สมุทรสาคร,หญิง,276813,2560
832,กลาง,สมุทรสงคราม,หญิง,100093,2560
833,กลาง,เพชรบุรี,หญิง,246704,2560
834,กลาง,ประจวบคีรีขันธ์,หญิง,268903,2560
835,เหนือ,เชียงใหม่,ชาย,778314,2560
836,เหนือ,ลำพูน,ชาย,195074,2560
837,เหนือ,ลำปาง,ชาย,364785,2560
838,เหนือ,อุตรดิตถ์,ชาย,224138,2560
839,เหนือ,แพร่,ชาย,217006,2560
840,เหนือ,น่าน,ชาย,240452,2560
841,เหนือ,พะเยา,ชาย,232628,2560
842,เหนือ,เชียงราย,ชาย,572662,2560
843,เหนือ,แม่ฮ่องสอน,ชาย,119181,2560
844,เหนือ,นครสวรรค์,ชาย,519880,2560
845,เหนือ,อุทัยธานี,ชาย,161769,2560
846,เหนือ,กำแพงเพชร,ชาย,361074,2560
847,เหนือ,ตาก,ชาย,267953,2560
848,เหนือ,สุโขทัย,ชาย,291617,2560
849,เหนือ,พิษณุโลก,ชาย,423138,2560
850,เหนือ,พิจิตร,ชาย,265209,2560
851,เหนือ,เพชรบูรณ์,ชาย,491775,2560
852,เหนือ,เชียงใหม่,หญิง,832105,2560
853,เหนือ,ลำพูน,หญิง,208540,2560
854,เหนือ,ลำปาง,หญิง,380336,2560
855,เหนือ,อุตรดิตถ์,หญิง,232492,2560
856,เหนือ,แพร่,หญิง,231154,2560
857,เหนือ,น่าน,หญิง,237641,2560
858,เหนือ,พะเยา,หญิง,243363,2560
859,เหนือ,เชียงราย,หญิง,593799,2560
860,เหนือ,แม่ฮ่องสอน,หญิง,114451,2560
861,เหนือ,นครสวรรค์,หญิง,544175,2560
862,เหนือ,อุทัยธานี,หญิง,167897,2560
863,เหนือ,กำแพงเพชร,หญิง,366984,2560
864,เหนือ,ตาก,หญิง,264284,2560
865,เหนือ,สุโขทัย,หญิง,307523,2560
866,เหนือ,พิษณุโลก,หญิง,441070,2560
867,เหนือ,พิจิตร,หญิง,276901,2560
868,เหนือ,เพชรบูรณ์,หญิง,501617,2560
869,ตะวันออกเฉียงเหนือ,นครราชสีมา,ชาย,1297378,2560
870,ตะวันออกเฉียงเหนือ,บุรีรัมย์,ชาย,791122,2560
871,ตะวันออกเฉียงเหนือ,สุรินทร์,ชาย,696452,2560
872,ตะวันออกเฉียงเหนือ,ศรีสะเกษ,ชาย,734020,2560
873,ตะวันออกเฉียงเหนือ,อุบลราชธานี,ชาย,931333,2560
874,ตะวันออกเฉียงเหนือ,ยโสธร,ชาย,270435,2560
875,ตะวันออกเฉียงเหนือ,ชัยภูมิ,ชาย,564490,2560
876,ตะวันออกเฉียงเหนือ,อำนาจเจริญ,ชาย,188224,2560
877,ตะวันออกเฉียงเหนือ,บึงกาฬ,ชาย,212311,2560
878,ตะวันออกเฉียงเหนือ,หนองบัวลำภู,ชาย,255646,2560
879,ตะวันออกเฉียงเหนือ,ขอนแก่น,ชาย,887823,2560
880,ตะวันออกเฉียงเหนือ,อุดรธานี,ชาย,783290,2560
881,ตะวันออกเฉียงเหนือ,เลย,ชาย,320710,2560
882,ตะวันออกเฉียงเหนือ,หนองคาย,ชาย,257782,2560
883,ตะวันออกเฉียงเหนือ,มหาสารคาม,ชาย,472554,2560
884,ตะวันออกเฉียงเหนือ,ร้อยเอ็ด,ชาย,650881,2560
885,ตะวันออกเฉียงเหนือ,กาฬสินธุ์,ชาย,489193,2560
886,ตะวันออกเฉียงเหนือ,สกลนคร,ชาย,572154,2560
887,ตะวันออกเฉียงเหนือ,นครพนม,ชาย,357347,2560
888,ตะวันออกเฉียงเหนือ,มุกดาหาร,ชาย,174473,2560
889,ตะวันออกเฉียงเหนือ,นครราชสีมา,หญิง,1334216,2560
890,ตะวันออกเฉียงเหนือ,บุรีรัมย์,หญิง,797160,2560
891,ตะวันออกเฉียงเหนือ,สุรินทร์,หญิง,698798,2560
892,ตะวันออกเฉียงเหนือ,ศรีสะเกษ,หญิง,736117,2560
893,ตะวันออกเฉียงเหนือ,อุบลราชธานี,หญิง,927456,2560
894,ตะวันออกเฉียงเหนือ,ยโสธร,หญิง,268971,2560
895,ตะวันออกเฉียงเหนือ,ชัยภูมิ,หญิง,573383,2560
896,ตะวันออกเฉียงเหนือ,อำนาจเจริญ,หญิง,188615,2560
897,ตะวันออกเฉียงเหนือ,บึงกาฬ,หญิง,209430,2560
898,ตะวันออกเฉียงเหนือ,หนองบัวลำภู,หญิง,255115,2560
899,ตะวันออกเฉียงเหนือ,ขอนแก่น,หญิง,913214,2560
900,ตะวันออกเฉียงเหนือ,อุดรธานี,หญิง,791883,2560
901,ตะวันออกเฉียงเหนือ,เลย,หญิง,316062,2560
902,ตะวันออกเฉียงเหนือ,หนองคาย,หญิง,258964,2560
903,ตะวันออกเฉียงเหนือ,มหาสารคาม,หญิง,490196,2560
904,ตะวันออกเฉียงเหนือ,ร้อยเอ็ด,หญิง,656112,2560
905,ตะวันออกเฉียงเหนือ,กาฬสินธุ์,หญิง,495721,2560
906,ตะวันออกเฉียงเหนือ,สกลนคร,หญิง,574677,2560
907,ตะวันออกเฉียงเหนือ,นครพนม,หญิง,358486,2560
908,ตะวันออกเฉียงเหนือ,มุกดาหาร,หญิง,173731,2560
909,ใต้,นครศรีธรรมราช,ชาย,769008,2560
910,ใต้,กระบี่,ชาย,231537,2560
911,ใต้,พังงา,ชาย,131051,2560
912,ใต้,ภูเก็ต,ชาย,183015,2560
913,ใต้,สุราษฎร์ธานี,ชาย,517391,2560
914,ใต้,ระนอง,ชาย,89037,2560
915,ใต้,ชุมพร,ชาย,249898,2560
916,ใต้,สงขลา,ชาย,688465,2560
917,ใต้,สตูล,ชาย,158100,2560
918,ใต้,ตรัง,ชาย,313865,2560
919,ใต้,พัทลุง,ชาย,255577,2560
920,ใต้,ปัตตานี,ชาย,348418,2560
921,ใต้,ยะลา,ชาย,260023,2560
922,ใต้,นราธิวาส,ชาย,391680,2560
923,ใต้,นครศรีธรรมราช,หญิง,784355,2560
924,ใต้,กระบี่,หญิง,234628,2560
925,ใต้,พังงา,หญิง,131869,2560
926,ใต้,ภูเก็ต,หญิง,205226,2560
927,ใต้,สุราษฎร์ธานี,หญิง,531294,2560
928,ใต้,ระนอง,หญิง,87241,2560
929,ใต้,ชุมพร,หญิง,254587,2560
930,ใต้,สงขลา,หญิง,723651,2560
931,ใต้,สตูล,หญิง,160083,2560
932,ใต้,ตรัง,หญิง,327287,2560
933,ใต้,พัทลุง,หญิง,268390,2560
934,ใต้,ปัตตานี,หญิง,355429,2560
935,ใต้,ยะลา,หญิง,263379,2560
936,ใต้,นราธิวาส,หญิง,400053,2560
937,ทั่วราชอาณาจักร,ทั่วราชอาณาจักร,ชาย,32043770,2561
938,ทั่วราชอาณาจักร,ทั่วราชอาณาจักร,หญิง,33362550,2561
939,กรุงเทพมหานคร,กรุงเทพมหานคร,ชาย,2624056,2561
940,กรุงเทพมหานคร,กรุงเทพมหานคร,หญิง,2951048,2561
941,กลาง,สมุทรปราการ,ชาย,621624,2561
942,กลาง,นนทบุรี,ชาย,573008,2561
943,กลาง,ปทุมธานี,ชาย,535155,2561
944,กลาง,พระนครศรีอยุธยา,ชาย,391742,2561
945,กลาง,อ่างทอง,ชาย,134519,2561
946,กลาง,ลพบุรี,ชาย,379626,2561
947,กลาง,สิงห์บุรี,ชาย,99745,2561
948,กลาง,ชัยนาท,ชาย,158180,2561
949,กลาง,สระบุรี,ชาย,313991,2561
950,กลาง,ชลบุรี,ชาย,734335,2561
951,กลาง,ระยอง,ชาย,348945,2561
952,กลาง,จันทบุรี,ชาย,260753,2561
953,กลาง,ตราด,ชาย,109184,2561
954,กลาง,ฉะเชิงเทรา,ชาย,347475,2561
955,กลาง,ปราจีนบุรี,ชาย,242003,2561
956,กลาง,นครนายก,ชาย,127851,2561
957,กลาง,สระแก้ว,ชาย,280535,2561
958,กลาง,ราชบุรี,ชาย,412134,2561
959,กลาง,กาญจนบุรี,ชาย,407843,2561
960,กลาง,สุพรรณบุรี,ชาย,409865,2561
961,กลาง,นครปฐม,ชาย,433639,2561
962,กลาง,สมุทรสาคร,ชาย,259599,2561
963,กลาง,สมุทรสงคราม,ชาย,92117,2561
964,กลาง,เพชรบุรี,ชาย,231848,2561
965,กลาง,ประจวบคีรีขันธ์,ชาย,263485,2561
966,กลาง,สมุทรปราการ,หญิง,679206,2561
967,กลาง,นนทบุรี,หญิง,655641,2561
968,กลาง,ปทุมธานี,หญิง,593851,2561
969,กลาง,พระนครศรีอยุธยา,หญิง,421880,2561
970,กลาง,อ่างทอง,หญิง,146102,2561
971,กลาง,ลพบุรี,หญิง,377085,2561
972,กลาง,สิงห์บุรี,หญิง,109699,2561
973,กลาง,ชัยนาท,หญิง,170468,2561
974,กลาง,สระบุรี,หญิง,323232,2561
975,กลาง,ชลบุรี,หญิง,769228,2561
976,กลาง,ระยอง,หญิง,361866,2561
977,กลาง,จันทบุรี,หญิง,271773,2561
978,กลาง,ตราด,หญิง,110635,2561
979,กลาง,ฉะเชิงเทรา,หญิง,361419,2561
980,กลาง,ปราจีนบุรี,หญิง,246787,2561
981,กลาง,นครนายก,หญิง,130822,2561
982,กลาง,สระแก้ว,หญิง,279106,2561
983,กลาง,ราชบุรี,หญิง,435216,2561
984,กลาง,กาญจนบุรี,หญิง,407335,2561
985,กลาง,สุพรรณบุรี,หญิง,438127,2561
986,กลาง,นครปฐม,หญิง,471486,2561
987,กลาง,สมุทรสาคร,หญิง,280463,2561
988,กลาง,สมุทรสงคราม,หญิง,100021,2561
989,กลาง,เพชรบุรี,หญิง,247432,2561
990,กลาง,ประจวบคีรีขันธ์,หญิง,271104,2561
991,เหนือ,เชียงใหม่,ชาย,782154,2561
992,เหนือ,ลำพูน,ชาย,194665,2561
993,เหนือ,ลำปาง,ชาย,362858,2561
994,เหนือ,อุตรดิตถ์,ชาย,223113,2561
995,เหนือ,แพร่,ชาย,215628,2561
996,เหนือ,น่าน,ชาย,239972,2561
997,เหนือ,พะเยา,ชาย,231532,2561
998,เหนือ,เชียงราย,ชาย,573883,2561
999,เหนือ,แม่ฮ่องสอน,ชาย,121014,2561
1000,เหนือ,นครสวรรค์,ชาย,519180,2561
1001,เหนือ,อุทัยธานี,ชาย,161300,2561
1002,เหนือ,กำแพงเพชร,ชาย,360218,2561
1003,เหนือ,ตาก,ชาย,270499,2561
1004,เหนือ,สุโขทัย,ชาย,290510,2561
1005,เหนือ,พิษณุโลก,ชาย,423403,2561
1006,เหนือ,พิจิตร,ชาย,263918,2561
1007,เหนือ,เพชรบูรณ์,ชาย,491293,2561
1008,เหนือ,เชียงใหม่,หญิง,837946,2561
1009,เหนือ,ลำพูน,หญิง,208665,2561
1010,เหนือ,ลำปาง,หญิง,379220,2561
1011,เหนือ,อุตรดิตถ์,หญิง,232098,2561
1012,เหนือ,แพร่,หญิง,230138,2561
1013,เหนือ,น่าน,หญิง,237676,2561
1014,เหนือ,พะเยา,หญิง,242377,2561
1015,เหนือ,เชียงราย,หญิง,596349,2561
1016,เหนือ,แม่ฮ่องสอน,หญิง,116422,2561
1017,เหนือ,นครสวรรค์,หญิง,543519,2561
1018,เหนือ,อุทัยธานี,หญิง,167905,2561
1019,เหนือ,กำแพงเพชร,หญิง,366776,2561
1020,เหนือ,ตาก,หญิง,267203,2561
1021,เหนือ,สุโขทัย,หญิง,307129,2561
1022,เหนือ,พิษณุโลก,หญิง,441241,2561
1023,เหนือ,พิจิตร,หญิง,276101,2561
1024,เหนือ,เพชรบูรณ์,หญิง,501731,2561
1025,ตะวันออกเฉียงเหนือ,นครราชสีมา,ชาย,1300167,2561
1026,ตะวันออกเฉียงเหนือ,บุรีรัมย์,ชาย,791994,2561
1027,ตะวันออกเฉียงเหนือ,สุรินทร์,ชาย,696459,2561
1028,ตะวันออกเฉียงเหนือ,ศรีสะเกษ,ชาย,734071,2561
1029,ตะวันออกเฉียงเหนือ,อุบลราชธานี,ชาย,933642,2561
1030,ตะวันออกเฉียงเหนือ,ยโสธร,ชาย,269896,2561
1031,ตะวันออกเฉียงเหนือ,ชัยภูมิ,ชาย,563910,2561
1032,ตะวันออกเฉียงเหนือ,อำนาจเจริญ,ชาย,188414,2561
1033,ตะวันออกเฉียงเหนือ,บึงกาฬ,ชาย,212538,2561
1034,ตะวันออกเฉียงเหนือ,หนองบัวลำภู,ชาย,255621,2561
1035,ตะวันออกเฉียงเหนือ,ขอนแก่น,ชาย,887837,2561
1036,ตะวันออกเฉียงเหนือ,อุดรธานี,ชาย,784056,2561
1037,ตะวันออกเฉียงเหนือ,เลย,ชาย,321202,2561
1038,ตะวันออกเฉียงเหนือ,หนองคาย,ชาย,257720,2561
1039,ตะวันออกเฉียงเหนือ,มหาสารคาม,ชาย,472292,2561
1040,ตะวันออกเฉียงเหนือ,ร้อยเอ็ด,ชาย,650080,2561
1041,ตะวันออกเฉียงเหนือ,กาฬสินธุ์,ชาย,488715,2561
1042,ตะวันออกเฉียงเหนือ,สกลนคร,ชาย,573174,2561
1043,ตะวันออกเฉียงเหนือ,นครพนม,ชาย,357715,2561
1044,ตะวันออกเฉียงเหนือ,มุกดาหาร,ชาย,174869,2561
1045,ตะวันออกเฉียงเหนือ,นครราชสีมา,หญิง,1338520,2561
1046,ตะวันออกเฉียงเหนือ,บุรีรัมย์,หญิง,799638,2561
1047,ตะวันออกเฉียงเหนือ,สุรินทร์,หญิง,699830,2561
1048,ตะวันออกเฉียงเหนือ,ศรีสะเกษ,หญิง,737363,2561
1049,ตะวันออกเฉียงเหนือ,อุบลราชธานี,หญิง,930902,2561
1050,ตะวันออกเฉียงเหนือ,ยโสธร,หญิง,268941,2561
1051,ตะวันออกเฉียงเหนือ,ชัยภูมิ,หญิง,574181,2561
1052,ตะวันออกเฉียงเหนือ,อำนาจเจริญ,หญิง,189167,2561
1053,ตะวันออกเฉียงเหนือ,บึงกาฬ,หญิง,210321,2561
1054,ตะวันออกเฉียงเหนือ,หนองบัวลำภู,หญิง,255786,2561
1055,ตะวันออกเฉียงเหนือ,ขอนแก่น,หญิง,915043,2561
1056,ตะวันออกเฉียงเหนือ,อุดรธานี,หญิง,794347,2561
1057,ตะวันออกเฉียงเหนือ,เลย,หญิง,317048,2561
1058,ตะวันออกเฉียงเหนือ,หนองคาย,หญิง,259623,2561
1059,ตะวันออกเฉียงเหนือ,มหาสารคาม,หญิง,490181,2561
1060,ตะวันออกเฉียงเหนือ,ร้อยเอ็ด,หญิง,656450,2561
1061,ตะวันออกเฉียงเหนือ,กาฬสินธุ์,หญิง,496186,2561
1062,ตะวันออกเฉียงเหนือ,สกลนคร,หญิง,576769,2561
1063,ตะวันออกเฉียงเหนือ,นครพนม,หญิง,359067,2561
1064,ตะวันออกเฉียงเหนือ,มุกดาหาร,หญิง,174396,2561
1065,ใต้,นครศรีธรรมราช,ชาย,769722,2561
1066,ใต้,กระบี่,ชาย,233449,2561
1067,ใต้,พังงา,ชาย,131588,2561
1068,ใต้,ภูเก็ต,ชาย,186286,2561
1069,ใต้,สุราษฎร์ธานี,ชาย,519672,2561
1070,ใต้,ระนอง,ชาย,89348,2561
1071,ใต้,ชุมพร,ชาย,250440,2561
1072,ใต้,สงขลา,ชาย,691617,2561
1073,ใต้,สตูล,ชาย,159023,2561
1074,ใต้,ตรัง,ชาย,314099,2561
1075,ใต้,พัทลุง,ชาย,255717,2561
1076,ใต้,ปัตตานี,ชาย,352508,2561
1077,ใต้,ยะลา,ชาย,262738,2561
1078,ใต้,นราธิวาส,ชาย,394794,2561
1079,ใต้,นครศรีธรรมราช,หญิง,786353,2561
1080,ใต้,กระบี่,หญิง,236398,2561
1081,ใต้,พังงา,หญิง,132331,2561
1082,ใต้,ภูเก็ต,หญิง,209138,2561
1083,ใต้,สุราษฎร์ธานี,หญิง,534272,2561
1084,ใต้,ระนอง,หญิง,87653,2561
1085,ใต้,ชุมพร,หญิง,255554,2561
1086,ใต้,สงขลา,หญิง,727175,2561
1087,ใต้,สตูล,หญิง,161114,2561
1088,ใต้,ตรัง,หญิง,327656,2561
1089,ใต้,พัทลุง,หญิง,268901,2561
1090,ใต้,ปัตตานี,หญิง,359802,2561
1091,ใต้,ยะลา,หญิง,265612,2561
1092,ใต้,นราธิวาส,หญิง,403304,2561
1093,ทั่วราชอาณาจักร,ทั่วราชอาณาจักร,ชาย,32094943,2562
1094,ทั่วราชอาณาจักร,ทั่วราชอาณาจักร,หญิง,33462111,2562
1095,กรุงเทพมหานคร,กรุงเทพมหานคร,ชาย,2615082,2562
1096,กรุงเทพมหานคร,กรุงเทพมหานคร,หญิง,2948055,2562
1097,กลาง,สมุทรปราการ,ชาย,628784,2562
1098,กลาง,นนทบุรี,ชาย,580473,2562
1099,กลาง,ปทุมธานี,ชาย,542905,2562
1100,กลาง,พระนครศรีอยุธยา,ชาย,393108,2562
1101,กลาง,อ่างทอง,ชาย,134142,2562
1102,กลาง,ลพบุรี,ชาย,379175,2562
1103,กลาง,สิงห์บุรี,ชาย,99308,2562
1104,กลาง,ชัยนาท,ชาย,157352,2562
1105,กลาง,สระบุรี,ชาย,314812,2562
1106,กลาง,ชลบุรี,ชาย,745040,2562
1107,กลาง,ระยอง,ชาย,354243,2562
1108,กลาง,จันทบุรี,ชาย,261355,2562
1109,กลาง,ตราด,ชาย,109257,2562
1110,กลาง,ฉะเชิงเทรา,ชาย,350039,2562
1111,กลาง,ปราจีนบุรี,ชาย,243907,2562
1112,กลาง,นครนายก,ชาย,128131,2562
1113,กลาง,สระแก้ว,ชาย,281377,2562
1114,กลาง,ราชบุรี,ชาย,412171,2562
1115,กลาง,กาญจนบุรี,ชาย,410158,2562
1116,กลาง,สุพรรณบุรี,ชาย,408148,2562
1117,กลาง,นครปฐม,ชาย,435345,2562
1118,กลาง,สมุทรสาคร,ชาย,262612,2562
1119,กลาง,สมุทรสงคราม,ชาย,91806,2562
1120,กลาง,เพชรบุรี,ชาย,232446,2562
1121,กลาง,ประจวบคีรีขันธ์,ชาย,266541,2562
1122,กลาง,สมุทรปราการ,หญิง,688160,2562
1123,กลาง,นนทบุรี,หญิง,665535,2562
1124,กลาง,ปทุมธานี,หญิง,602775,2562
1125,กลาง,พระนครศรีอยุธยา,หญิง,423601,2562
1126,กลาง,อ่างทอง,หญิง,145696,2562
1127,กลาง,ลพบุรี,หญิง,376587,2562
1128,กลาง,สิงห์บุรี,หญิง,109309,2562
1129,กลาง,ชัยนาท,หญิง,169732,2562
1130,กลาง,สระบุรี,หญิง,324251,2562
1131,กลาง,ชลบุรี,หญิง,781667,2562
1132,กลาง,ระยอง,หญิง,367686,2562
1133,กลาง,จันทบุรี,หญิง,272451,2562
1134,กลาง,ตราด,หญิง,111087,2562
1135,กลาง,ฉะเชิงเทรา,หญิง,363715,2562
1136,กลาง,ปราจีนบุรี,หญิง,248361,2562
1137,กลาง,นครนายก,หญิง,131003,2562
1138,กลาง,สระแก้ว,หญิง,280150,2562
1139,กลาง,ราชบุรี,หญิง,435428,2562
1140,กลาง,กาญจนบุรี,หญิง,409546,2562
1141,กลาง,สุพรรณบุรี,หญิง,436864,2562
1142,กลาง,นครปฐม,หญิง,473331,2562
1143,กลาง,สมุทรสาคร,หญิง,284044,2562
1144,กลาง,สมุทรสงคราม,หญิง,99939,2562
1145,กลาง,เพชรบุรี,หญิง,248157,2562
1146,กลาง,ประจวบคีรีขันธ์,หญิง,272881,2562
1147,เหนือ,เชียงใหม่,ชาย,785130,2562
1148,เหนือ,ลำพูน,ชาย,194061,2562
1149,เหนือ,ลำปาง,ชาย,360303,2562
1150,เหนือ,อุตรดิตถ์,ชาย,221816,2562
1151,เหนือ,แพร่,ชาย,214029,2562
1152,เหนือ,น่าน,ชาย,239224,2562
1153,เหนือ,พะเยา,ชาย,230155,2562
1154,เหนือ,เชียงราย,ชาย,574593,2562
1155,เหนือ,แม่ฮ่องสอน,ชาย,122179,2562
1156,เหนือ,นครสวรรค์,ชาย,517726,2562
1157,เหนือ,อุทัยธานี,ชาย,160840,2562
1158,เหนือ,กำแพงเพชร,ชาย,358975,2562
1159,เหนือ,ตาก,ชาย,272337,2562
1160,เหนือ,สุโขทัย,ชาย,289106,2562
1161,เหนือ,พิษณุโลก,ชาย,423000,2562
1162,เหนือ,พิจิตร,ชาย,262276,2562
1163,เหนือ,เพชรบูรณ์,ชาย,490339,2562
1164,เหนือ,เชียงใหม่,หญิง,843034,2562
1165,เหนือ,ลำพูน,หญิง,208703,2562
1166,เหนือ,ลำปาง,หญิง,377622,2562
1167,เหนือ,อุตรดิตถ์,หญิง,231371,2562
1168,เหนือ,แพร่,หญิง,228784,2562
1169,เหนือ,น่าน,หญิง,237618,2562
1170,เหนือ,พะเยา,หญิง,241248,2562
1171,เหนือ,เชียงราย,หญิง,598674,2562
1172,เหนือ,แม่ฮ่องสอน,หญิง,118041,2562
1173,เหนือ,นครสวรรค์,หญิง,542201,2562
1174,เหนือ,อุทัยธานี,หญิง,167690,2562
1175,เหนือ,กำแพงเพชร,หญิง,366278,2562
1176,เหนือ,ตาก,หญิง,269804,2562
1177,เหนือ,สุโขทัย,หญิง,306388,2562
1178,เหนือ,พิษณุโลก,หญิง,441488,2562
1179,เหนือ,พิจิตร,หญิง,274945,2562
1180,เหนือ,เพชรบูรณ์,หญิง,501210,2562
1181,ตะวันออกเฉียงเหนือ,นครราชสีมา,ชาย,1301314,2562
1182,ตะวันออกเฉียงเหนือ,บุรีรัมย์,ชาย,792043,2562
1183,ตะวันออกเฉียงเหนือ,สุรินทร์,ชาย,695802,2562
1184,ตะวันออกเฉียงเหนือ,ศรีสะเกษ,ชาย,733868,2562
1185,ตะวันออกเฉียงเหนือ,อุบลราชธานี,ชาย,935109,2562
1186,ตะวันออกเฉียงเหนือ,ยโสธร,ชาย,269056,2562
1187,ตะวันออกเฉียงเหนือ,ชัยภูมิ,ชาย,562671,2562
1188,ตะวันออกเฉียงเหนือ,อำนาจเจริญ,ชาย,188354,2562
1189,ตะวันออกเฉียงเหนือ,บึงกาฬ,ชาย,212528,2562
1190,ตะวันออกเฉียงเหนือ,หนองบัวลำภู,ชาย,255687,2562
1191,ตะวันออกเฉียงเหนือ,ขอนแก่น,ชาย,886175,2562
1192,ตะวันออกเฉียงเหนือ,อุดรธานี,ชาย,783510,2562
1193,ตะวันออกเฉียงเหนือ,เลย,ชาย,321306,2562
1194,ตะวันออกเฉียงเหนือ,หนองคาย,ชาย,257602,2562
1195,ตะวันออกเฉียงเหนือ,มหาสารคาม,ชาย,471940,2562
1196,ตะวันออกเฉียงเหนือ,ร้อยเอ็ด,ชาย,648621,2562
1197,ตะวันออกเฉียงเหนือ,กาฬสินธุ์,ชาย,487507,2562
1198,ตะวันออกเฉียงเหนือ,สกลนคร,ชาย,573633,2562
1199,ตะวันออกเฉียงเหนือ,นครพนม,ชาย,357906,2562
1200,ตะวันออกเฉียงเหนือ,มุกดาหาร,ชาย,175218,2562
1201,ตะวันออกเฉียงเหนือ,นครราชสีมา,หญิง,1341890,2562
1202,ตะวันออกเฉียงเหนือ,บุรีรัมย์,หญิง,801391,2562
1203,ตะวันออกเฉียงเหนือ,สุรินทร์,หญิง,700197,2562
1204,ตะวันออกเฉียงเหนือ,ศรีสะเกษ,หญิง,737915,2562
1205,ตะวันออกเฉียงเหนือ,อุบลราชธานี,หญิง,933655,2562
1206,ตะวันออกเฉียงเหนือ,ยโสธร,หญิง,268634,2562
1207,ตะวันออกเฉียงเหนือ,ชัยภูมิ,หญิง,574340,2562
1208,ตะวันออกเฉียงเหนือ,อำนาจเจริญ,หญิง,189384,2562
1209,ตะวันออกเฉียงเหนือ,บึงกาฬ,หญิง,210798,2562
1210,ตะวันออกเฉียงเหนือ,หนองบัวลำภู,หญิง,256242,2562
1211,ตะวันออกเฉียงเหนือ,ขอนแก่น,หญิง,914969,2562
1212,ตะวันออกเฉียงเหนือ,อุดรธานี,หญิง,795951,2562
1213,ตะวันออกเฉียงเหนือ,เลย,หญิง,317573,2562
1214,ตะวันออกเฉียงเหนือ,หนองคาย,หญิง,259860,2562
1215,ตะวันออกเฉียงเหนือ,มหาสารคาม,หญิง,490270,2562
1216,ตะวันออกเฉียงเหนือ,ร้อยเอ็ด,หญิง,656479,2562
1217,ตะวันออกเฉียงเหนือ,กาฬสินธุ์,หญิง,496043,2562
1218,ตะวันออกเฉียงเหนือ,สกลนคร,หญิง,578214,2562
1219,ตะวันออกเฉียงเหนือ,นครพนม,หญิง,359420,2562
1220,ตะวันออกเฉียงเหนือ,มุกดาหาร,หญิง,174876,2562
1221,ใต้,นครศรีธรรมราช,ชาย,770011,2562
1222,ใต้,กระบี่,ชาย,235036,2562
1223,ใต้,พังงา,ชาย,131897,2562
1224,ใต้,ภูเก็ต,ชาย,189338,2562
1225,ใต้,สุราษฎร์ธานี,ชาย,521622,2562
1226,ใต้,ระนอง,ชาย,89697,2562
1227,ใต้,ชุมพร,ชาย,250628,2562
1228,ใต้,สงขลา,ชาย,694143,2562
1229,ใต้,สตูล,ชาย,160062,2562
1230,ใต้,ตรัง,ชาย,314031,2562
1231,ใต้,พัทลุง,ชาย,255630,2562
1232,ใต้,ปัตตานี,ชาย,356199,2562
1233,ใต้,ยะลา,ชาย,265122,2562
1234,ใต้,นราธิวาส,ชาย,397871,2562
1235,ใต้,นครศรีธรรมราช,หญิง,788148,2562
1236,ใต้,กระบี่,หญิง,238151,2562
1237,ใต้,พังงา,หญิง,132536,2562
1238,ใต้,ภูเก็ต,หญิง,212773,2562
1239,ใต้,สุราษฎร์ธานี,หญิง,536816,2562
1240,ใต้,ระนอง,หญิง,88109,2562
1241,ใต้,ชุมพร,หญิง,256180,2562
1242,ใต้,สงขลา,หญิง,729993,2562
1243,ใต้,สตูล,หญิง,162006,2562
1244,ใต้,ตรัง,หญิง,327694,2562
1245,ใต้,พัทลุง,หญิง,268984,2562
1246,ใต้,ปัตตานี,หญิง,363736,2562
1247,ใต้,ยะลา,หญิง,267690,2562
1248,ใต้,นราธิวาส,หญิง,406084,2562
1249,ทั่วราชอาณาจักร,ทั่วราชอาณาจักร,ชาย,31992542,2563
1250,ทั่วราชอาณาจักร,ทั่วราชอาณาจักร,หญิง,33428597,2563
1251,กรุงเทพมหานคร,กรุงเทพมหานคร,ชาย,2590036,2563
1252,กรุงเทพมหานคร,กรุงเทพมหานคร,หญิง,2932217,2563
1253,กลาง,สมุทรปราการ,ชาย,633664,2563
1254,กลาง,นนทบุรี,ชาย,586724,2563
1255,กลาง,ปทุมธานี,ชาย,549840,2563
1256,กลาง,พระนครศรีอยุธยา,ชาย,393100,2563
1257,กลาง,อ่างทอง,ชาย,133041,2563
1258,กลาง,ลพบุรี,ชาย,374201,2563
1259,กลาง,สิงห์บุรี,ชาย,98418,2563
1260,กลาง,ชัยนาท,ชาย,155888,2563
1261,กลาง,สระบุรี,ชาย,313987,2563
1262,กลาง,ชลบุรี,ชาย,750623,2563
1263,กลาง,ระยอง,ชาย,358413,2563
1264,กลาง,จันทบุรี,ชาย,260937,2563
1265,กลาง,ตราด,ชาย,108835,2563
1266,กลาง,ฉะเชิงเทรา,ชาย,351361,2563
1267,กลาง,ปราจีนบุรี,ชาย,244067,2563
1268,กลาง,นครนายก,ชาย,128095,2563
1269,กลาง,สระแก้ว,ชาย,280048,2563
1270,กลาง,ราชบุรี,ชาย,410344,2563
1271,กลาง,กาญจนบุรี,ชาย,408983,2563
1272,กลาง,สุพรรณบุรี,ชาย,405354,2563
1273,กลาง,นครปฐม,ชาย,436286,2563
1274,กลาง,สมุทรสาคร,ชาย,264266,2563
1275,กลาง,สมุทรสงคราม,ชาย,91277,2563
1276,กลาง,เพชรบุรี,ชาย,231508,2563
1277,กลาง,ประจวบคีรีขันธ์,ชาย,266883,2563
1278,กลาง,สมุทรปราการ,หญิง,695634,2563
1279,กลาง,นนทบุรี,หญิง,674375,2563
1280,กลาง,ปทุมธานี,หญิง,610784,2563
1281,กลาง,พระนครศรีอยุธยา,หญิง,424427,2563
1282,กลาง,อ่างทอง,หญิง,144668,2563
1283,กลาง,ลพบุรี,หญิง,373641,2563
1284,กลาง,สิงห์บุรี,หญิง,108458,2563
1285,กลาง,ชัยนาท,หญิง,168307,2563
1286,กลาง,สระบุรี,หญิง,324453,2563
1287,กลาง,ชลบุรี,หญิง,790999,2563
1288,กลาง,ระยอง,หญิง,372349,2563
1289,กลาง,จันทบุรี,หญิง,272187,2563
1290,กลาง,ตราด,หญิง,110984,2563
1291,กลาง,ฉะเชิงเทรา,หญิง,365137,2563
1292,กลาง,ปราจีนบุรี,หญิง,249174,2563
1293,กลาง,นครนายก,หญิง,130939,2563
1294,กลาง,สระแก้ว,หญิง,279642,2563
1295,กลาง,ราชบุรี,หญิง,434803,2563
1296,กลาง,กาญจนบุรี,หญิง,409011,2563
1297,กลาง,สุพรรณบุรี,หญิง,434599,2563
1298,กลาง,นครปฐม,หญิง,473919,2563
1299,กลาง,สมุทรสาคร,หญิง,286290,2563
1300,กลาง,สมุทรสงคราม,หญิง,99607,2563
1301,กลาง,เพชรบุรี,หญิง,248053,2563
1302,กลาง,ประจวบคีรีขันธ์,หญิง,273269,2563
1303,เหนือ,เชียงใหม่,ชาย,784437,2563
1304,เหนือ,ลำพูน,ชาย,192756,2563
1305,เหนือ,ลำปาง,ชาย,356398,2563
1306,เหนือ,อุตรดิตถ์,ชาย,219843,2563
1307,เหนือ,แพร่,ชาย,211883,2563
1308,เหนือ,น่าน,ชาย,238423,2563
1309,เหนือ,พะเยา,ชาย,227905,2563
1310,เหนือ,เชียงราย,ชาย,573139,2563
1311,เหนือ,แม่ฮ่องสอน,ชาย,122152,2563
1312,เหนือ,นครสวรรค์,ชาย,511385,2563
1313,เหนือ,อุทัยธานี,ชาย,159855,2563
1314,เหนือ,กำแพงเพชร,ชาย,355117,2563
1315,เหนือ,ตาก,ชาย,272508,2563
1316,เหนือ,สุโขทัย,ชาย,286511,2563
1317,เหนือ,พิษณุโลก,ชาย,418795,2563
1318,เหนือ,พิจิตร,ชาย,260361,2563
1319,เหนือ,เพชรบูรณ์,ชาย,486647,2563
1320,เหนือ,เชียงใหม่,หญิง,844997,2563
1321,เหนือ,ลำพูน,หญิง,207954,2563
1322,เหนือ,ลำปาง,หญิง,374564,2563
1323,เหนือ,อุตรดิตถ์,หญิง,229998,2563
1324,เหนือ,แพร่,หญิง,227040,2563
1325,เหนือ,น่าน,หญิง,237274,2563
1326,เหนือ,พะเยา,หญิง,239506,2563
1327,เหนือ,เชียงราย,หญิง,598639,2563
1328,เหนือ,แม่ฮ่องสอน,หญิง,118667,2563
1329,เหนือ,นครสวรรค์,หญิง,536727,2563
1330,เหนือ,อุทัยธานี,หญิง,166906,2563
1331,เหนือ,กำแพงเพชร,หญิง,363310,2563
1332,เหนือ,ตาก,หญิง,270879,2563
1333,เหนือ,สุโขทัย,หญิง,304278,2563
1334,เหนือ,พิษณุโลก,หญิง,436961,2563
1335,เหนือ,พิจิตร,หญิง,273327,2563
1336,เหนือ,เพชรบูรณ์,หญิง,498612,2563
1337,ตะวันออกเฉียงเหนือ,นครราชสีมา,ชาย,1296553,2563
1338,ตะวันออกเฉียงเหนือ,บุรีรัมย์,ชาย,787854,2563
1339,ตะวันออกเฉียงเหนือ,สุรินทร์,ชาย,690059,2563
1340,ตะวันออกเฉียงเหนือ,ศรีสะเกษ,ชาย,729668,2563
1341,ตะวันออกเฉียงเหนือ,อุบลราชธานี,ชาย,932359,2563
1342,ตะวันออกเฉียงเหนือ,ยโสธร,ชาย,267697,2563
1343,ตะวันออกเฉียงเหนือ,ชัยภูมิ,ชาย,558682,2563
1344,ตะวันออกเฉียงเหนือ,อำนาจเจริญ,ชาย,187624,2563
1345,ตะวันออกเฉียงเหนือ,บึงกาฬ,ชาย,211868,2563
1346,ตะวันออกเฉียงเหนือ,หนองบัวลำภู,ชาย,254802,2563
1347,ตะวันออกเฉียงเหนือ,ขอนแก่น,ชาย,882505,2563
1348,ตะวันออกเฉียงเหนือ,อุดรธานี,ชาย,777542,2563
1349,ตะวันออกเฉียงเหนือ,เลย,ชาย,319916,2563
1350,ตะวันออกเฉียงเหนือ,หนองคาย,ชาย,256097,2563
1351,ตะวันออกเฉียงเหนือ,มหาสารคาม,ชาย,469375,2563
1352,ตะวันออกเฉียงเหนือ,ร้อยเอ็ด,ชาย,645601,2563
1353,ตะวันออกเฉียงเหนือ,กาฬสินธุ์,ชาย,484814,2563
1354,ตะวันออกเฉียงเหนือ,สกลนคร,ชาย,571706,2563
1355,ตะวันออกเฉียงเหนือ,นครพนม,ชาย,357397,2563
1356,ตะวันออกเฉียงเหนือ,มุกดาหาร,ชาย,174647,2563
1357,ตะวันออกเฉียงเหนือ,นครราชสีมา,หญิง,1339920,2563
1358,ตะวันออกเฉียงเหนือ,บุรีรัมย์,หญิง,798656,2563
1359,ตะวันออกเฉียงเหนือ,สุรินทร์,หญิง,696042,2563
1360,ตะวันออกเฉียงเหนือ,ศรีสะเกษ,หญิง,734844,2563
1361,ตะวันออกเฉียงเหนือ,อุบลราชธานี,หญิง,932241,2563
1362,ตะวันออกเฉียงเหนือ,ยโสธร,หญิง,267864,2563
1363,ตะวันออกเฉียงเหนือ,ชัยภูมิ,หญิง,571350,2563
1364,ตะวันออกเฉียงเหนือ,อำนาจเจริญ,หญิง,188905,2563
1365,ตะวันออกเฉียงเหนือ,บึงกาฬ,หญิง,210453,2563
1366,ตะวันออกเฉียงเหนือ,หนองบัวลำภู,หญิง,255767,2563
1367,ตะวันออกเฉียงเหนือ,ขอนแก่น,หญิง,912770,2563
1368,ตะวันออกเฉียงเหนือ,อุดรธานี,หญิง,792321,2563
1369,ตะวันออกเฉียงเหนือ,เลย,หญิง,316913,2563
1370,ตะวันออกเฉียงเหนือ,หนองคาย,หญิง,258984,2563
1371,ตะวันออกเฉียงเหนือ,มหาสารคาม,หญิง,488087,2563
1372,ตะวันออกเฉียงเหนือ,ร้อยเอ็ด,หญิง,655170,2563
1373,ตะวันออกเฉียงเหนือ,กาฬสินธุ์,หญิง,494611,2563
1374,ตะวันออกเฉียงเหนือ,สกลนคร,หญิง,577427,2563
1375,ตะวันออกเฉียงเหนือ,นครพนม,หญิง,359132,2563
1376,ตะวันออกเฉียงเหนือ,มุกดาหาร,หญิง,174563,2563
1377,ใต้,นครศรีธรรมราช,ชาย,766953,2563
1378,ใต้,กระบี่,ชาย,235841,2563
1379,ใต้,พังงา,ชาย,131795,2563
1380,ใต้,ภูเก็ต,ชาย,190084,2563
1381,ใต้,สุราษฎร์ธานี,ชาย,522026,2563
1382,ใต้,ระนอง,ชาย,90064,2563
1383,ใต้,ชุมพร,ชาย,249914,2563
1384,ใต้,สงขลา,ชาย,692869,2563
1385,ใต้,สตูล,ชาย,160828,2563
1386,ใต้,ตรัง,ชาย,313320,2563
1387,ใต้,พัทลุง,ชาย,255172,2563
1388,ใต้,ปัตตานี,ชาย,357801,2563
1389,ใต้,ยะลา,ชาย,266628,2563
1390,ใต้,นราธิวาส,ชาย,398187,2563
1391,ใต้,นครศรีธรรมราช,หญิง,786398,2563
1392,ใต้,กระบี่,หญิง,239299,2563
1393,ใต้,พังงา,หญิง,132616,2563
1394,ใต้,ภูเก็ต,หญิง,214024,2563
1395,ใต้,สุราษฎร์ธานี,หญิง,538246,2563
1396,ใต้,ระนอง,หญิง,88651,2563
1397,ใต้,ชุมพร,หญิง,256157,2563
1398,ใต้,สงขลา,หญิง,729293,2563
1399,ใต้,สตูล,หญิง,162501,2563
1400,ใต้,ตรัง,หญิง,327131,2563
1401,ใต้,พัทลุง,หญิง,268462,2563
1402,ใต้,ปัตตานี,หญิง,366132,2563
1403,ใต้,ยะลา,หญิง,269325,2563
1404,ใต้,นราธิวาส,หญิง,406777,2563
1405,ทั่วราชอาณาจักร,ทั่วราชอาณาจักร,ชาย,31851887,2564
1406,ทั่วราชอาณาจักร,ทั่วราชอาณาจักร,หญิง,33361064,2564
1407,กรุงเทพมหานคร,กรุงเทพมหานคร,ชาย,2554097,2564
1408,กรุงเทพมหานคร,กรุงเทพมหานคร,หญิง,2903889,2564
1409,กลาง,สมุทรปราการ,ชาย,635287,2564
1410,กลาง,นนทบุรี,ชาย,591284,2564
1411,กลาง,ปทุมธานี,ชาย,555582,2564
1412,กลาง,พระนครศรีอยุธยา,ชาย,392665,2564
1413,กลาง,อ่างทอง,ชาย,131691,2564
1414,กลาง,ลพบุรี,ชาย,369152,2564
1415,กลาง,สิงห์บุรี,ชาย,97362,2564
1416,กลาง,ชัยนาท,ชาย,154306,2564
1417,กลาง,สระบุรี,ชาย,312969,2564
1418,กลาง,ชลบุรี,ชาย,755322,2564
1419,กลาง,ระยอง,ชาย,362278,2564
1420,กลาง,จันทบุรี,ชาย,260234,2564
1421,กลาง,ตราด,ชาย,108244,2564
1422,กลาง,ฉะเชิงเทรา,ชาย,352066,2564
1423,กลาง,ปราจีนบุรี,ชาย,243755,2564
1424,กลาง,นครนายก,ชาย,127989,2564
1425,กลาง,สระแก้ว,ชาย,278509,2564
1426,กลาง,ราชบุรี,ชาย,408278,2564
1427,กลาง,กาญจนบุรี,ชาย,407164,2564
1428,กลาง,สุพรรณบุรี,ชาย,402402,2564
1429,กลาง,นครปฐม,ชาย,436777,2564
1430,กลาง,สมุทรสาคร,ชาย,264593,2564
1431,กลาง,สมุทรสงคราม,ชาย,90565,2564
1432,กลาง,เพชรบุรี,ชาย,230495,2564
1433,กลาง,ประจวบคีรีขันธ์,ชาย,265936,2564
1434,กลาง,สมุทรปราการ,หญิง,699914,2564
1435,กลาง,นนทบุรี,หญิง,681359,2564
1436,กลาง,ปทุมธานี,หญิง,618031,2564
1437,กลาง,พระนครศรีอยุธยา,หญิง,425023,2564
1438,กลาง,อ่างทอง,หญิง,143573,2564
1439,กลาง,ลพบุรี,หญิง,370635,2564
1440,กลาง,สิงห์บุรี,หญิง,107556,2564
1441,กลาง,ชัยนาท,หญิง,166802,2564
1442,กลาง,สระบุรี,หญิง,324495,2564
1443,กลาง,ชลบุรี,หญิง,798239,2564
1444,กลาง,ระยอง,หญิง,376663,2564
1445,กลาง,จันทบุรี,หญิง,272131,2564
1446,กลาง,ตราด,หญิง,110649,2564
1447,กลาง,ฉะเชิงเทรา,หญิง,366389,2564
1448,กลาง,ปราจีนบุรี,หญิง,249737,2564
1449,กลาง,นครนายก,หญิง,130871,2564
1450,กลาง,สระแก้ว,หญิง,278744,2564
1451,กลาง,ราชบุรี,หญิง,434115,2564
1452,กลาง,กาญจนบุรี,หญิง,408521,2564
1453,กลาง,สุพรรณบุรี,หญิง,432078,2564
1454,กลาง,นครปฐม,หญิง,474055,2564
1455,กลาง,สมุทรสาคร,หญิง,287274,2564
1456,กลาง,สมุทรสงคราม,หญิง,99107,2564
1457,กลาง,เพชรบุรี,หญิง,247917,2564
1458,กลาง,ประจวบคีรีขันธ์,หญิง,273564,2564
1459,เหนือ,เชียงใหม่,ชาย,782835,2564
1460,เหนือ,ลำพูน,ชาย,191478,2564
1461,เหนือ,ลำปาง,ชาย,352676,2564
1462,เหนือ,อุตรดิตถ์,ชาย,217752,2564
1463,เหนือ,แพร่,ชาย,209836,2564
1464,เหนือ,น่าน,ชาย,237563,2564
1465,เหนือ,พะเยา,ชาย,225654,2564
1466,เหนือ,เชียงราย,ชาย,570867,2564
1467,เหนือ,แม่ฮ่องสอน,ชาย,122151,2564
1468,เหนือ,นครสวรรค์,ชาย,504862,2564
1469,เหนือ,อุทัยธานี,ชาย,158893,2564
1470,เหนือ,กำแพงเพชร,ชาย,351292,2564
1471,เหนือ,ตาก,ชาย,272644,2564
1472,เหนือ,สุโขทัย,ชาย,283793,2564
1473,เหนือ,พิษณุโลก,ชาย,414425,2564
1474,เหนือ,พิจิตร,ชาย,258485,2564
1475,เหนือ,เพชรบูรณ์,ชาย,482353,2564
1476,เหนือ,เชียงใหม่,หญิง,845828,2564
1477,เหนือ,ลำพูน,หญิง,207149,2564
1478,เหนือ,ลำปาง,หญิง,371445,2564
1479,เหนือ,อุตรดิตถ์,หญิง,228597,2564
1480,เหนือ,แพร่,หญิง,225502,2564
1481,เหนือ,น่าน,หญิง,236953,2564
1482,เหนือ,พะเยา,หญิง,237848,2564
1483,เหนือ,เชียงราย,หญิง,597676,2564
1484,เหนือ,แม่ฮ่องสอน,หญิง,119071,2564
1485,เหนือ,นครสวรรค์,หญิง,530838,2564
1486,เหนือ,อุทัยธานี,หญิง,166132,2564
1487,เหนือ,กำแพงเพชร,หญิง,360296,2564
1488,เหนือ,ตาก,หญิง,271617,2564
1489,เหนือ,สุโขทัย,หญิง,302120,2564
1490,เหนือ,พิษณุโลก,หญิง,432390,2564
1491,เหนือ,พิจิตร,หญิง,271748,2564
1492,เหนือ,เพชรบูรณ์,หญิง,495858,2564
1493,ตะวันออกเฉียงเหนือ,นครราชสีมา,ชาย,1291415,2564
1494,ตะวันออกเฉียงเหนือ,บุรีรัมย์,ชาย,782916,2564
1495,ตะวันออกเฉียงเหนือ,สุรินทร์,ชาย,684072,2564
1496,ตะวันออกเฉียงเหนือ,ศรีสะเกษ,ชาย,725142,2564
1497,ตะวันออกเฉียงเหนือ,อุบลราชธานี,ชาย,928994,2564
1498,ตะวันออกเฉียงเหนือ,ยโสธร,ชาย,266279,2564
1499,ตะวันออกเฉียงเหนือ,ชัยภูมิ,ชาย,554358,2564
1500,ตะวันออกเฉียงเหนือ,อำนาจเจริญ,ชาย,186874,2564
1501,ตะวันออกเฉียงเหนือ,บึงกาฬ,ชาย,211171,2564
1502,ตะวันออกเฉียงเหนือ,หนองบัวลำภู,ชาย,253541,2564
1503,ตะวันออกเฉียงเหนือ,ขอนแก่น,ชาย,878568,2564
1504,ตะวันออกเฉียงเหนือ,อุดรธานี,ชาย,771402,2564
1505,ตะวันออกเฉียงเหนือ,เลย,ชาย,318451,2564
1506,ตะวันออกเฉียงเหนือ,หนองคาย,ชาย,254292,2564
1507,ตะวันออกเฉียงเหนือ,มหาสารคาม,ชาย,465733,2564
1508,ตะวันออกเฉียงเหนือ,ร้อยเอ็ด,ชาย,642249,2564
1509,ตะวันออกเฉียงเหนือ,กาฬสินธุ์,ชาย,482065,2564
1510,ตะวันออกเฉียงเหนือ,สกลนคร,ชาย,569192,2564
1511,ตะวันออกเฉียงเหนือ,นครพนม,ชาย,356576,2564
1512,ตะวันออกเฉียงเหนือ,มุกดาหาร,ชาย,174096,2564
1513,ตะวันออกเฉียงเหนือ,นครราชสีมา,หญิง,1337608,2564
1514,ตะวันออกเฉียงเหนือ,บุรีรัมย์,หญิง,795542,2564
1515,ตะวันออกเฉียงเหนือ,สุรินทร์,หญิง,691677,2564
1516,ตะวันออกเฉียงเหนือ,ศรีสะเกษ,หญิง,731686,2564
1517,ตะวันออกเฉียงเหนือ,อุบลราชธานี,หญิง,930500,2564
1518,ตะวันออกเฉียงเหนือ,ยโสธร,หญิง,267325,2564
1519,ตะวันออกเฉียงเหนือ,ชัยภูมิ,หญิง,568094,2564
1520,ตะวันออกเฉียงเหนือ,อำนาจเจริญ,หญิง,188625,2564
1521,ตะวันออกเฉียงเหนือ,บึงกาฬ,หญิง,210076,2564
1522,ตะวันออกเฉียงเหนือ,หนองบัวลำภู,หญิง,255102,2564
1523,ตะวันออกเฉียงเหนือ,ขอนแก่น,หญิง,910563,2564
1524,ตะวันออกเฉียงเหนือ,อุดรธานี,หญิง,788458,2564
1525,ตะวันออกเฉียงเหนือ,เลย,หญิง,316243,2564
1526,ตะวันออกเฉียงเหนือ,หนองคาย,หญิง,258054,2564
1527,ตะวันออกเฉียงเหนือ,มหาสารคาม,หญิง,484509,2564
1528,ตะวันออกเฉียงเหนือ,ร้อยเอ็ด,หญิง,653902,2564
1529,ตะวันออกเฉียงเหนือ,กาฬสินธุ์,หญิง,493409,2564
1530,ตะวันออกเฉียงเหนือ,สกลนคร,หญิง,576357,2564
1531,ตะวันออกเฉียงเหนือ,นครพนม,หญิง,358906,2564
1532,ตะวันออกเฉียงเหนือ,มุกดาหาร,หญิง,174228,2564
1533,ใต้,นครศรีธรรมราช,ชาย,763342,2564
1534,ใต้,กระบี่,ชาย,236443,2564
1535,ใต้,พังงา,ชาย,131577,2564
1536,ใต้,ภูเก็ต,ชาย,190445,2564
1537,ใต้,สุราษฎร์ธานี,ชาย,522143,2564
1538,ใต้,ระนอง,ชาย,90237,2564
1539,ใต้,ชุมพร,ชาย,249223,2564
1540,ใต้,สงขลา,ชาย,691343,2564
1541,ใต้,สตูล,ชาย,161179,2564
1542,ใต้,ตรัง,ชาย,312272,2564
1543,ใต้,พัทลุง,ชาย,254467,2564
1544,ใต้,ปัตตานี,ชาย,358656,2564
1545,ใต้,ยะลา,ชาย,268166,2564
1546,ใต้,นราธิวาส,ชาย,398447,2564
1547,ใต้,นครศรีธรรมราช,หญิง,783758,2564
1548,ใต้,กระบี่,หญิง,239923,2564
1549,ใต้,พังงา,หญิง,132426,2564
1550,ใต้,ภูเก็ต,หญิง,214790,2564
1551,ใต้,สุราษฎร์ธานี,หญิง,540056,2564
1552,ใต้,ระนอง,หญิง,89092,2564
1553,ใต้,ชุมพร,หญิง,256018,2564
1554,ใต้,สงขลา,หญิง,728742,2564
1555,ใต้,สตูล,หญิง,162766,2564
1556,ใต้,ตรัง,หญิง,326501,2564
1557,ใต้,พัทลุง,หญิง,268005,2564
1558,ใต้,ปัตตานี,หญิง,367549,2564
1559,ใต้,ยะลา,หญิง,270794,2564
1560,ใต้,นราธิวาส,หญิง,407381,2564
1561,ทั่วราชอาณาจักร,ทั่วราชอาณาจักร,ชาย,31792250,2565
1562,ทั่วราชอาณาจักร,ทั่วราชอาณาจักร,หญิง,33359882,2565
1563,กรุงเทพมหานคร,กรุงเทพมหานคร,ชาย,2527111,2565
1564,กรุงเทพมหานคร,กรุงเทพมหานคร,หญิง,2884392,2565
1565,กลาง,สมุทรปราการ,ชาย,636538,2565
1566,กลาง,นนทบุรี,ชาย,594892,2565
1567,กลาง,ปทุมธานี,ชาย,560947,2565
1568,กลาง,พระนครศรีอยุธยา,ชาย,392716,2565
1569,กลาง,อ่างทอง,ชาย,130662,2565
1570,กลาง,ลพบุรี,ชาย,366711,2565
1571,กลาง,สิงห์บุรี,ชาย,96590,2565
1572,กลาง,ชัยนาท,ชาย,153197,2565
1573,กลาง,สระบุรี,ชาย,312446,2565
1574,กลาง,ชลบุรี,ชาย,761521,2565
1575,กลาง,ระยอง,ชาย,366518,2565
1576,กลาง,จันทบุรี,ชาย,260011,2565
1577,กลาง,ตราด,ชาย,107944,2565
1578,กลาง,ฉะเชิงเทรา,ชาย,353207,2565
1579,กลาง,ปราจีนบุรี,ชาย,244636,2565
1580,กลาง,นครนายก,ชาย,128055,2565
1581,กลาง,สระแก้ว,ชาย,278972,2565
1582,กลาง,ราชบุรี,ชาย,406907,2565
1583,กลาง,กาญจนบุรี,ชาย,407128,2565
1584,กลาง,สุพรรณบุรี,ชาย,400243,2565
1585,กลาง,นครปฐม,ชาย,436677,2565
1586,กลาง,สมุทรสาคร,ชาย,265598,2565
1587,กลาง,สมุทรสงคราม,ชาย,89847,2565
1588,กลาง,เพชรบุรี,ชาย,230277,2565
1589,กลาง,ประจวบคีรีขันธ์,ชาย,266075,2565
1590,กลาง,สมุทรปราการ,หญิง,703249,2565
1591,กลาง,นนทบุรี,หญิง,703249,2565
1592,กลาง,ปทุมธานี,หญิง,624869,2565
1593,กลาง,พระนครศรีอยุธยา,หญิง,425609,2565
1594,กลาง,อ่างทอง,หญิง,89357,2565
1595,กลาง,ลพบุรี,หญิง,256204,2565
1596,กลาง,สิงห์บุรี,หญิง,729987,2565
1597,กลาง,ชัยนาท,หญิง,163074,2565
1598,กลาง,สระบุรี,หญิง,326078,2565
1599,กลาง,ชลบุรี,หญิง,267819,2565
1600,กลาง,ระยอง,หญิง,369212,2565
1601,กลาง,จันทบุรี,หญิง,272651,2565
1602,กลาง,ตราด,หญิง,409752,2565
1603,กลาง,ฉะเชิงเทรา,หญิง,945678,2565
1604,กลาง,ปราจีนบุรี,หญิง,1292363,2565
1605,กลาง,นครนายก,หญิง,972899,2565
1606,กลาง,สระแก้ว,หญิง,1144634,2565
1607,กลาง,ราชบุรี,หญิง,715169,2565
1608,กลาง,กาญจนบุรี,หญิง,348576,2565
1609,กลาง,สุพรรณบุรี,หญิง,430242,2565
1610,กลาง,นครปฐม,หญิง,474064,2565
1611,กลาง,สมุทรสาคร,หญิง,289082,2565
1612,กลาง,สมุทรสงคราม,หญิง,98535,2565
1613,กลาง,เพชรบุรี,หญิง,248425,2565
1614,กลาง,ประจวบคีรีขันธ์,หญิง,274509,2565
1615,เหนือ,เชียงใหม่,ชาย,782286,2565
1616,เหนือ,ลำพูน,ชาย,190539,2565
1617,เหนือ,ลำปาง,ชาย,349799,2565
1618,เหนือ,อุตรดิตถ์,ชาย,216072,2565
1619,เหนือ,แพร่,ชาย,207926,2565
1620,เหนือ,น่าน,ชาย,236660,2565
1621,เหนือ,พะเยา,ชาย,223837,2565
1622,เหนือ,เชียงราย,ชาย,569772,2565
1623,เหนือ,แม่ฮ่องสอน,ชาย,122337,2565
1624,เหนือ,นครสวรรค์,ชาย,501784,2565
1625,เหนือ,อุทัยธานี,ชาย,158293,2565
1626,เหนือ,กำแพงเพชร,ชาย,349765,2565
1627,เหนือ,ตาก,ชาย,273389,2565
1628,เหนือ,สุโขทัย,ชาย,282006,2565
1629,เหนือ,พิษณุโลก,ชาย,412638,2565
1630,เหนือ,พิจิตร,ชาย,256831,2565
1631,เหนือ,เพชรบูรณ์,ชาย,479449,2565
1632,เหนือ,เชียงใหม่,หญิง,848021,2565
1633,เหนือ,ลำพูน,หญิง,206764,2565
1634,เหนือ,ลำปาง,หญิง,369167,2565
1635,เหนือ,อุตรดิตถ์,หญิง,227356,2565
1636,เหนือ,แพร่,หญิง,224051,2565
1637,เหนือ,น่าน,หญิง,236754,2565
1638,เหนือ,พะเยา,หญิง,236683,2565
1639,เหนือ,เชียงราย,หญิง,597980,2565
1640,เหนือ,แม่ฮ่องสอน,หญิง,119528,2565
1641,เหนือ,นครสวรรค์,หญิง,528165,2565
1642,เหนือ,อุทัยธานี,หญิง,165726,2565
1643,เหนือ,กำแพงเพชร,หญิง,359116,2565
1644,เหนือ,ตาก,หญิง,272740,2565
1645,เหนือ,สุโขทัย,หญิง,300766,2565
1646,เหนือ,พิษณุโลก,หญิง,431609,2565
1647,เหนือ,พิจิตร,หญิง,270220,2565
1648,เหนือ,เพชรบูรณ์,หญิง,494450,2565
1649,ตะวันออกเฉียงเหนือ,นครราชสีมา,ชาย,1289116,2565
1650,ตะวันออกเฉียงเหนือ,บุรีรัมย์,ชาย,780977,2565
1651,ตะวันออกเฉียงเหนือ,สุรินทร์,ชาย,682307,2565
1652,ตะวันออกเฉียงเหนือ,ศรีสะเกษ,ชาย,723815,2565
1653,ตะวันออกเฉียงเหนือ,อุบลราชธานี,ชาย,928720,2565
1654,ตะวันออกเฉียงเหนือ,ยโสธร,ชาย,265145,2565
1655,ตะวันออกเฉียงเหนือ,ชัยภูมิ,ชาย,552000,2565
1656,ตะวันออกเฉียงเหนือ,อำนาจเจริญ,ชาย,186517,2565
1657,ตะวันออกเฉียงเหนือ,บึงกาฬ,ชาย,210892,2565
1658,ตะวันออกเฉียงเหนือ,หนองบัวลำภู,ชาย,253048,2565
1659,ตะวันออกเฉียงเหนือ,ขอนแก่น,ชาย,875266,2565
1660,ตะวันออกเฉียงเหนือ,อุดรธานี,ชาย,768924,2565
1661,ตะวันออกเฉียงเหนือ,เลย,ชาย,317910,2565
1662,ตะวันออกเฉียงเหนือ,หนองคาย,ชาย,253551,2565
1663,ตะวันออกเฉียงเหนือ,มหาสารคาม,ชาย,463410,2565
1664,ตะวันออกเฉียงเหนือ,ร้อยเอ็ด,ชาย,639621,2565
1665,ตะวันออกเฉียงเหนือ,กาฬสินธุ์,ชาย,480247,2565
1666,ตะวันออกเฉียงเหนือ,สกลนคร,ชาย,568295,2565
1667,ตะวันออกเฉียงเหนือ,นครพนม,ชาย,356168,2565
1668,ตะวันออกเฉียงเหนือ,มุกดาหาร,ชาย,174153,2565
1669,ตะวันออกเฉียงเหนือ,นครราชสีมา,หญิง,1338176,2565
1670,ตะวันออกเฉียงเหนือ,บุรีรัมย์,หญิง,795236,2565
1671,ตะวันออกเฉียงเหนือ,สุรินทร์,หญิง,690719,2565
1672,ตะวันออกเฉียงเหนือ,ศรีสะเกษ,หญิง,731011,2565
1673,ตะวันออกเฉียงเหนือ,อุบลราชธานี,หญิง,931871,2565
1674,ตะวันออกเฉียงเหนือ,ยโสธร,หญิง,266999,2565
1675,ตะวันออกเฉียงเหนือ,ชัยภูมิ,หญิง,566897,2565
1676,ตะวันออกเฉียงเหนือ,อำนาจเจริญ,หญิง,188582,2565
1677,ตะวันออกเฉียงเหนือ,บึงกาฬ,หญิง,210150,2565
1678,ตะวันออกเฉียงเหนือ,หนองบัวลำภู,หญิง,254968,2565
1679,ตะวันออกเฉียงเหนือ,ขอนแก่น,หญิง,908780,2565
1680,ตะวันออกเฉียงเหนือ,อุดรธานี,หญิง,788358,2565
1681,ตะวันออกเฉียงเหนือ,เลย,หญิง,316080,2565
1682,ตะวันออกเฉียงเหนือ,หนองคาย,หญิง,257958,2565
1683,ตะวันออกเฉียงเหนือ,มหาสารคาม,หญิง,482268,2565
1684,ตะวันออกเฉียงเหนือ,ร้อยเอ็ด,หญิง,652742,2565
1685,ตะวันออกเฉียงเหนือ,กาฬสินธุ์,หญิง,492652,2565
1686,ตะวันออกเฉียงเหนือ,สกลนคร,หญิง,576339,2565
1687,ตะวันออกเฉียงเหนือ,นครพนม,หญิง,359001,2565
1688,ตะวันออกเฉียงเหนือ,มุกดาหาร,หญิง,174423,2565
1689,ใต้,นครศรีธรรมราช,ชาย,761953,2565
1690,ใต้,กระบี่,ชาย,237015,2565
1691,ใต้,พังงา,ชาย,131445,2565
1692,ใต้,ภูเก็ต,ชาย,191134,2565
1693,ใต้,สุราษฎร์ธานี,ชาย,522723,2565
1694,ใต้,ระนอง,ชาย,90193,2565
1695,ใต้,ชุมพร,ชาย,249162,2565
1696,ใต้,สงขลา,ชาย,691475,2565
1697,ใต้,สตูล,ชาย,161460,2565
1698,ใต้,ตรัง,ชาย,311516,2565
1699,ใต้,พัทลุง,ชาย,253920,2565
1700,ใต้,ปัตตานี,ชาย,360489,2565
1701,ใต้,ยะลา,ชาย,269941,2565
1702,ใต้,นราธิวาส,ชาย,400933,2565
1703,ใต้,นครศรีธรรมราช,หญิง,782324,2565
1704,ใต้,กระบี่,หญิง,240441,2565
1705,ใต้,พังงา,หญิง,132189,2565
1706,ใต้,ภูเก็ต,หญิง,216041,2565
1707,ใต้,สุราษฎร์ธานี,หญิง,541932,2565
1708,ใต้,ระนอง,หญิง,89357,2565
1709,ใต้,ชุมพร,หญิง,256204,2565
1710,ใต้,สงขลา,หญิง,729987,2565
1711,ใต้,สตูล,หญิง,163074,2565
1712,ใต้,ตรัง,หญิง,326078,2565
1713,ใต้,พัทลุง,หญิง,267819,2565
1714,ใต้,ปัตตานี,หญิง,369212,2565
1715,ใต้,ยะลา,หญิง,272651,2565
1716,ใต้,นราธิวาส,หญิง,409752,2565
1717,ทั่วราชอาณาจักร,ทั่วราชอาณาจักร,ชาย,31729267,2566
1718,ทั่วราชอาณาจักร,ทั่วราชอาณาจักร,หญิง,33354569,2566
1719,กรุงเทพมหานคร,กรุงเทพมหานคร,ชาย,2508520,2566
1720,กรุงเทพมหานคร,กรุงเทพมหานคร,หญิง,2874718,2566
1721,กลาง,สมุทรปราการ,ชาย,639664,2566
1722,กลาง,นนทบุรี,ชาย,598387,2566
1723,กลาง,ปทุมธานี,ชาย,567154,2566
1724,กลาง,พระนครศรีอยุธยา,ชาย,392809,2566
1725,กลาง,อ่างทอง,ชาย,129676,2566
1726,กลาง,ลพบุรี,ชาย,363589,2566
1727,กลาง,สิงห์บุรี,ชาย,95838,2566
1728,กลาง,ชัยนาท,ชาย,152098,2566
1729,กลาง,สระบุรี,ชาย,312011,2566
1730,กลาง,ชลบุรี,ชาย,768918,2566
1731,กลาง,ระยอง,ชาย,370992,2566
1732,กลาง,จันทบุรี,ชาย,259638,2566
1733,กลาง,ตราด,ชาย,107546,2566
1734,กลาง,ฉะเชิงเทรา,ชาย,354498,2566
1735,กลาง,ปราจีนบุรี,ชาย,245505,2566
1736,กลาง,นครนายก,ชาย,127909,2566
1737,กลาง,สระแก้ว,ชาย,279021,2566
1738,กลาง,ราชบุรี,ชาย,405408,2566
1739,กลาง,กาญจนบุรี,ชาย,406591,2566
1740,กลาง,สุพรรณบุรี,ชาย,397771,2566
1741,กลาง,นครปฐม,ชาย,436759,2566
1742,กลาง,สมุทรสาคร,ชาย,267804,2566
1743,กลาง,สมุทรสงคราม,ชาย,89170,2566
1744,กลาง,เพชรบุรี,ชาย,230158,2566
1745,กลาง,ประจวบคีรีขันธ์,ชาย,263832,2566
1746,กลาง,สมุทรปราการ,หญิง,709064,2566
1747,กลาง,นนทบุรี,หญิง,693408,2566
1748,กลาง,ปทุมธานี,หญิง,632788,2566
1749,กลาง,พระนครศรีอยุธยา,หญิง,426277,2566
1750,กลาง,อ่างทอง,หญิง,141556,2566
1751,กลาง,ลพบุรี,หญิง,367474,2566
1752,กลาง,สิงห์บุรี,หญิง,105979,2566
1753,กลาง,ชัยนาท,หญิง,164804,2566
1754,กลาง,สระบุรี,หญิง,324543,2566
1755,กลาง,ชลบุรี,หญิง,814682,2566
1756,กลาง,ระยอง,หญิง,386578,2566
1757,กลาง,จันทบุรี,หญิง,272364,2566
1758,กลาง,ตราด,หญิง,110234,2566
1759,กลาง,ฉะเชิงเทรา,หญิง,370056,2566
1760,กลาง,ปราจีนบุรี,หญิง,251980,2566
1761,กลาง,นครนายก,หญิง,130944,2566
1762,กลาง,สระแก้ว,หญิง,279053,2566
1763,กลาง,ราชบุรี,หญิง,433030,2566
1764,กลาง,กาญจนบุรี,หญิง,410059,2566
1765,กลาง,สุพรรณบุรี,หญิง,428162,2566
1766,กลาง,นครปฐม,หญิง,474847,2566
1767,กลาง,สมุทรสาคร,หญิง,292084,2566
1768,กลาง,สมุทรสงคราม,หญิง,97870,2566
1769,กลาง,เพชรบุรี,หญิง,248809,2566
1770,กลาง,ประจวบคีรีขันธ์,หญิง,275387,2566
1771,เหนือ,เชียงใหม่,ชาย,782220,2566
1772,เหนือ,ลำพูน,ชาย,189565,2566
1773,เหนือ,ลำปาง,ชาย,346083,2566
1774,เหนือ,อุตรดิตถ์,ชาย,214298,2566
1775,เหนือ,แพร่,ชาย,205601,2566
1776,เหนือ,น่าน,ชาย,235681,2566
1777,เหนือ,พะเยา,ชาย,222032,2566
1778,เหนือ,เชียงราย,ชาย,568347,2566
1779,เหนือ,แม่ฮ่องสอน,ชาย,122436,2566
1780,เหนือ,นครสวรรค์,ชาย,498131,2566
1781,เหนือ,อุทัยธานี,ชาย,157453,2566
1782,เหนือ,กำแพงเพชร,ชาย,347772,2566
1783,เหนือ,ตาก,ชาย,274014,2566
1784,เหนือ,สุโขทัย,ชาย,280042,2566
1785,เหนือ,พิษณุโลก,ชาย,410822,2566
1786,เหนือ,พิจิตร,ชาย,254952,2566
1787,เหนือ,เพชรบูรณ์,ชาย,476233,2566
1788,เหนือ,เชียงใหม่,หญิง,779917,2566
1789,เหนือ,ลำพูน,หญิง,241157,2566
1790,เหนือ,ลำปาง,หญิง,132017,2566
1791,เหนือ,อุตรดิตถ์,หญิง,217954,2566
1792,เหนือ,แพร่,หญิง,542884,2566
1793,เหนือ,น่าน,หญิง,89450,2566
1794,เหนือ,พะเยา,หญิง,256174,2566
1795,เหนือ,เชียงราย,หญิง,730779,2566
1796,เหนือ,แม่ฮ่องสอน,หญิง,163195,2566
1797,เหนือ,นครสวรรค์,หญิง,325448,2566
1798,เหนือ,อุทัยธานี,หญิง,267444,2566
1799,เหนือ,กำแพงเพชร,หญิง,370960,2566
1800,เหนือ,ตาก,หญิง,274763,2566
1801,เหนือ,สุโขทัย,หญิง,412180,2566
1802,เหนือ,พิษณุโลก,หญิง,940443,2566
1803,เหนือ,พิจิตร,หญิง,1286706,2566
1804,เหนือ,เพชรบูรณ์,หญิง,969096,2566
1805,ตะวันออกเฉียงเหนือ,นครราชสีมา,ชาย,1285418,2566
1806,ตะวันออกเฉียงเหนือ,บุรีรัมย์,ชาย,778712,2566
1807,ตะวันออกเฉียงเหนือ,สุรินทร์,ชาย,679862,2566
1808,ตะวันออกเฉียงเหนือ,ศรีสะเกษ,ชาย,721897,2566
1809,ตะวันออกเฉียงเหนือ,อุบลราชธานี,ชาย,928108,2566
1810,ตะวันออกเฉียงเหนือ,ยโสธร,ชาย,263757,2566
1811,ตะวันออกเฉียงเหนือ,ชัยภูมิ,ชาย,549316,2566
1812,ตะวันออกเฉียงเหนือ,อำนาจเจริญ,ชาย,185901,2566
1813,ตะวันออกเฉียงเหนือ,บึงกาฬ,ชาย,210323,2566
1814,ตะวันออกเฉียงเหนือ,หนองบัวลำภู,ชาย,252346,2566
1815,ตะวันออกเฉียงเหนือ,ขอนแก่น,ชาย,871591,2566
1816,ตะวันออกเฉียงเหนือ,อุดรธานี,ชาย,765895,2566
1817,ตะวันออกเฉียงเหนือ,เลย,ชาย,316699,2566
1818,ตะวันออกเฉียงเหนือ,หนองคาย,ชาย,252640,2566
1819,ตะวันออกเฉียงเหนือ,มหาสารคาม,ชาย,460944,2566
1820,ตะวันออกเฉียงเหนือ,ร้อยเอ็ด,ชาย,636287,2566
1821,ตะวันออกเฉียงเหนือ,กาฬสินธุ์,ชาย,478166,2566
1822,ตะวันออกเฉียงเหนือ,สกลนคร,ชาย,567183,2566
1823,ตะวันออกเฉียงเหนือ,นครพนม,ชาย,355358,2566
1824,ตะวันออกเฉียงเหนือ,มุกดาหาร,ชาย,174096,2566
1825,ตะวันออกเฉียงเหนือ,นครราชสีมา,หญิง,1337523,2566
1826,ตะวันออกเฉียงเหนือ,บุรีรัมย์,หญิง,794083,2566
1827,ตะวันออกเฉียงเหนือ,สุรินทร์,หญิง,688888,2566
1828,ตะวันออกเฉียงเหนือ,ศรีสะเกษ,หญิง,729238,2566
1829,ตะวันออกเฉียงเหนือ,อุบลราชธานี,หญิง,932544,2566
1830,ตะวันออกเฉียงเหนือ,ยโสธร,หญิง,266107,2566
1831,ตะวันออกเฉียงเหนือ,ชัยภูมิ,หญิง,565060,2566
1832,ตะวันออกเฉียงเหนือ,อำนาจเจริญ,หญิง,188085,2566
1833,ตะวันออกเฉียงเหนือ,บึงกาฬ,หญิง,209928,2566
1834,ตะวันออกเฉียงเหนือ,หนองบัวลำภู,หญิง,254554,2566
1835,ตะวันออกเฉียงเหนือ,ขอนแก่น,หญิง,906619,2566
1836,ตะวันออกเฉียงเหนือ,อุดรธานี,หญิง,787114,2566
1837,ตะวันออกเฉียงเหนือ,เลย,หญิง,315485,2566
1838,ตะวันออกเฉียงเหนือ,หนองคาย,หญิง,257378,2566
1839,ตะวันออกเฉียงเหนือ,มหาสารคาม,หญิง,479499,2566
1840,ตะวันออกเฉียงเหนือ,ร้อยเอ็ด,หญิง,650419,2566
1841,ตะวันออกเฉียงเหนือ,กาฬสินธุ์,หญิง,490930,2566
1842,ตะวันออกเฉียงเหนือ,สกลนคร,หญิง,575557,2566
1843,ตะวันออกเฉียงเหนือ,นครพนม,หญิง,358382,2566
1844,ตะวันออกเฉียงเหนือ,มุกดาหาร,หญิง,174320,2566
1845,ใต้,นครศรีธรรมราช,ชาย,760124,2566
1846,ใต้,กระบี่,ชาย,237685,2566
1847,ใต้,พังงา,ชาย,131359,2566
1848,ใต้,ภูเก็ต,ชาย,192144,2566
1849,ใต้,สุราษฎร์ธานี,ชาย,522785,2566
1850,ใต้,ระนอง,ชาย,90197,2566
1851,ใต้,ชุมพร,ชาย,248970,2566
1852,ใต้,สงขลา,ชาย,691389,2566
1853,ใต้,สตูล,ชาย,161661,2566
1854,ใต้,ตรัง,ชาย,310796,2566
1855,ใต้,พัทลุง,ชาย,253324,2566
1856,ใต้,ปัตตานี,ชาย,362524,2566
1857,ใต้,ยะลา,ชาย,271592,2566
1858,ใต้,นราธิวาส,ชาย,403270,2566
1859,ใต้,นครศรีธรรมราช,หญิง,779917,2566
1860,ใต้,กระบี่,หญิง,241157,2566
1861,ใต้,พังงา,หญิง,132017,2566
1862,ใต้,ภูเก็ต,หญิง,217954,2566
1863,ใต้,สุราษฎร์ธานี,หญิง,542884,2566
1864,ใต้,ระนอง,หญิง,89450,2566
1865,ใต้,ชุมพร,หญิง,256174,2566
1866,ใต้,สงขลา,หญิง,730779,2566
1867,ใต้,สตูล,หญิง,163195,2566
1868,ใต้,ตรัง,หญิง,325448,2566
1869,ใต้,พัทลุง,หญิง,267444,2566
1870,ใต้,ปัตตานี,หญิง,370960,2566
1871,ใต้,ยะลา,หญิง,274763,2566
1872,ใต้,นราธิวาส,หญิง,412180,2566
